Post_ID,Type,Data,Timestamp
1gyv6lv,0,Grok’s thoughts on Psy Dogs in STALKER2,2024-11-25 01:40:36
1gyv6lv,2,"I watched 1 psy dog kill 3 bloodsuckers last night. 

I haven’t slept.",2024-11-25 01:52:52
1gyv6lv,2,"\*looks at the stack of 43 grenades ive never used\*

  
its time",2024-11-25 02:01:41
1gyv6lv,2,"Agreed, the psy dogs are absolute horse shit to fight",2024-11-25 01:42:37
1gyv6lv,2,"Yep, and let's fight chimera on open field. This need hundred of AP ammo and some rockets on top of it to die.

I use his mods, including those of change how medkits work. They heal slowly now, and well, against chimera it is no help, you can't hide and heal et she kills you really quickly. 

It's good to see those mutants with powerful gimmick, but they really have too much health.",2024-11-25 02:05:56
1gyv6lv,2,"Yeah, monsters in Stalker 2 feel broken and not playtested much. 

Sure they all were technically improved and got a bunch of new abilities. Which is cool.

But often, shootout with them feels like a dumb joke.

I mean, monsters are functioning great. But devs either forgot or didn't care to tune the variables that define the combat experience with those monsters.",2024-11-25 02:11:08
1gyv6lv,2,"When I killed a psydog I did cost analysis and found out: 

* I have to spend 1000 UAK to repair my AK 74Ms condition lost while shooting it
* I spent 1/5th of my grenade reserve that si a lifeline on Veteran (since guns don't do nothing against most mutants)
* I spent 1000 coupons worth of medkits
* My suit was only lightly damaged - 200 worth of repairs.

So I spent over 2200 UAK on fighting that psycho dog and in return received: NOTHING.

**After that I loaded my save, grabbed the gear and just ran away.**

Fighting mutants is not economically viable in this game. It will bankrupt you.",2024-11-25 02:34:53
1gyv6lv,2,"""You know we need to introduce the player to the Zone, what first enemy should they encounter ?, they don't have medkits or enough ammo""

""Bloodsucker""

:

![gif](giphy|3o85xr9ZKY1wbbJXDW)",2024-11-25 02:57:26
1gyv6lv,2,"I saw it once, couldn't find the main dog and just ran away.",2024-11-25 01:57:18
1gyv6lv,2,I think having a ton of clones is fine but when you DO shoot the right one it should fucking die not eat 20 rounds of buckshot. Most of the mutants are horribly overtuned so just install a mod that lowers their hp across the board. Y’all are cheesing them standing on boxes anyway.,2024-11-25 03:07:09
1gyv6lv,2,Me thinking about Grok when my Gamma clear-sky playthrough had me clear the water platform of 10+ Renegades while the area was covered with thick fucking bushes with no cover or support,2024-11-25 02:40:58
1gyv6lv,2,"psydogs are the fucking worst, just pure bullshit. even psuedogiants are tanky but not that tanky.

give them a fucking energy bar and spawning clones uses energy or something, give them a limited amount as after shooting and blowing up a room for 10 minutes they still keep coming.",2024-11-25 02:15:47
1gyv6lv,2,"the mutants are such abysmal dogshit in this one. i've played so many stalker mods from so many different authors with so many different visions, and not a single one thought to make mutants fucking invincible like this. it's so stupid lol

i've recently been playing xrmpe call of pripyat coop and mutants drop nothing in that one aswell. HOWEVER, they're pretty easy to kill with headshots from any weps, and high caliber weapons, hollow points or shotguns do massive damage to the point where you barely spend like 2 bullets per mutant except for the pseudo. it's worth fighting them lootless like this",2024-11-25 02:45:12
1gyv6lv,2,"I don't know what they were thinking with the mutants in general. I had a mission with 5 (**that's right five**) Bloodsuckers in it. Without Groks mutant health mods, this game would be so unbelievably tedious.",2024-11-25 04:40:11
1gyv6lv,2,"For real

In some missions and fights i just feel like the developers want us to be in rage 

Previous games are much more easier",2024-11-25 01:47:54
1gyv6lv,2,"It would be okay if they kept spawning a lot of copies, but the tankiness is too much.",2024-11-25 02:12:33
1gyv6lv,2,yall havent fought chimeras yet and then have been immediately hit by an emission while completely out in the swamps,2024-11-25 02:31:17
1gyv6lv,2,"Actually there are some ways to identifiy the real one, it's just really hard.

The real Psydog will stay at the back most of the time and he makes a kind of howl (plus animation) every time he creates new clones.

It's just, while you are busy with all the clones, you barely have any time or concentration to figure out the position of the real one.",2024-11-25 02:20:10
1gyv6lv,2,"How about we talk about the regular dogs? No telegraph to the bite, and they zigzag in unnatural and weird ways so the other dogs can bite you, and then they rotate with their pals. Feels like Rocket League, except I'm the net, and the dogs are spamming shots at me.",2024-11-25 06:42:27
1gyv6lv,2,"I've noticed that mutants in general have a lot of health, like a lot, a single  flesh shouldn't take more than 4 buckshot point blank to the face to kill, really",2024-11-25 02:39:52
1gyv6lv,2,"All the mutants are horrendously overtuned. Why do they all have the HP bar of a goddamn tank?

Did they playtest these things while holding LMGs with infinite ammo or something?",2024-11-25 03:12:18
1gyv6lv,2,"Literally, encountered one at the clear sky base and there was literally like 15 clones, and they respawn instantly after you shoot one",2024-11-25 01:59:33
1gyv6lv,2,"Cats are nearly as bad for the same reason. 

They seem to multiply almost infinitely until you find and kill the real ones which are as Grok says completely indistinguishable.",2024-11-25 02:49:45
1gyv6lv,2,You know things are bad if Grok is complaining.,2024-11-25 02:41:12
1gyv6lv,2,"They are hell to fight in the arena and since it’s small they can chase you within close distance and surround you easily if you corner yourself or they out maneuver 

Best way from my experience is get on top of objects and search for the Main Psy dog since if you kill its clones they have a effect presenting and exposing themselves as a real one to make more

Still tanky but afterwards using a mod called Better Ballistics I can kill them slightly faster and use less bullets than before",2024-11-25 02:07:19
1gyv6lv,2,"I had to play on easy (Shame on me) because the Bloodsuckers got me Mad. When I faced a PsyDog for the first time, I abandoned any hope of playing on Normal again.

Im having a Blast with the game, but feels like a FPS Dark Souls",2024-11-25 02:25:18
1gyv6lv,2,"says much that the creator of Anal proplapsing Simulator says ""Yo chill with this""",2024-11-25 11:38:42
1gyv6lv,2,"Noland, run away, live to fight another day.",2024-11-25 03:33:24
1gyv6lv,2,"Other than their tankyness(like all mutants) psy dogs are really fucking cool in this tbh. First one I met instantly created an army of images and they started running around me in a circle, and they'd take turns charging me, it was fuckin scary.",2024-11-25 05:11:37
1gyv6lv,2,Can we talk about the mutant spawns in Pripyat in gamma 😂 although I did manage to kill eidolon last night,2024-11-25 06:16:31
1gyv6lv,2,If Grok thinks its unfair bullshit it must be really bad.,2024-11-25 06:50:42
1gyv6lv,2,"several mutants in this game are horribly balanced. burers were always a bitch to Deal with but now it's just damage pump, run away until they lower their guard, rinse and repeat. bloodsuckers do too much damage for how tanky they are, and flesh are supposed to be the weakest aside from rats but id rather deal with a pack of dogs or boars, i don't see how their stick legs let them leap like that lol

I'm scared of what controllers and pseudo giants are gonna look like. and whatever new mutants they cooked up.

then there's the issue of mutants being bullet sinks with no payoff whatsoever. we need mutant parts/trophies to make a comeback

edit: forgot about chimeras, as the guy below me put it, they're completely fucked and in no way balanced. they're very fast, and the tankiest mutant I've seen so far and if they knock you down you're pretty much dead unless you have upgraded bulat armor or better.  A lot of mutants just seem to have no real counter and it's pretty aggravating having to just face tank damage and heal through it or find a box to climb on to fight them",2024-11-25 09:55:29
1gyv6lv,2,"Psy dogs are I think the most broken mutants, and that is saying something as the competition is so fierce. It seems there is no limit to the amount of clones it can span and there is no way to tell which one is the real one without wasting a bullet and by the time you find the real one you have to reload, letting it run away and spawn another billion clones. You can’t even do the ol’ stand on waist high object because it will just run away and keep spawning fakes constantly.",2024-11-25 18:09:56
1gyv6lv,2,"In the Arena at least, just climb on the boxes. Also works during the Chimera fight. You'll occasionally see the original dog howl and spawn a copy, watch out for that.",2024-11-25 02:37:01
1gyv6lv,2,"The best way to deal with these thing is to shot 1 or 2 then wait for 1 to start vibrating then shoot the shit out of it, rinse and repeat.",2024-11-25 02:45:31
1gyv6lv,2,"Okay, I feel less bad. I know the AI's fucked but holllyyy shit gamepad players are fucked dealing with most enemies in this game.

Those fucking dogs zip all over, slip in for a hit, and immediately fucking zip away. I'm lucky if I can get a few shots off on one when it hits me.

Bloodbois are similar but INVISIBLE. Like I understand these things are menaces and very scary and threatening. But hollllllly shit I go through 4 medkits trying to spin just the right way to see them when they show up on my screen and shoot just in time to repeat 6 more times.

I love the vibe of the Zone as someone who played only minute amounts of previous games. There's for sure a very thrilling and in-depth game world the likes of which I've been yearninig for in an open world. But the AI is killing my vibes.

Also speaking of invisible monsters. The fuck was that thing that hits you in the building right before you set down the scanner thingy at the beginning and you get jumped by the people who double crossed you? Right before you get knocked out and your shit stolen. You have to run through this empty building and do a few jumps while a radio plays and some invisible thing beats you to death if you stay still.

Genuinely had me questioning if this was just the """"""""""""""zone"""""""""""""" or if it was a bug lmao.",2024-11-25 05:58:16
1gyv6lv,2,"That arena round was so annoying. I tried standing on a box and shooting at them, but they’d always hide, so I eventually got it by jumping off the box, running to the corner and letting them run at me, shoot a couple worth the shotgun, sprint back to the box and reload, and repeated that until I finally killed it",2024-11-25 06:49:49
1gyv6lv,2,"I accidentally bumbled into Rostok chasing stashes, not sure if I should be there yet(doing some Noontide stuff for the main quest). I encountered my first psydog there.

The GSC designers are either not testing, smoking crack or are the kind of sadistic designer that just thinks its funny to torture players but never play the games they design themselves.

I can just imagine the arsehole designing the psydog with a head up his arse and having a laugh about how creative and awesome the psydog is, and how difficult and challenging it is. Someone put him in a room of pissed off play testers please. 

I reloaded that stupid arena round heaps until I somehow managed to fluke my way into killing the psydog through random chance. The way I'd do it is definitely LESS clones, maybe the clones don't actually do damage and are just for misdirection while the main dog attacks you in the middle of it all. Maybe the clones should have more telltale signs that they are clones, flickering effects or whatnot. Either clones should expire after like 10-20 seconds or something, or maybe the psydog can only summon clones the one time so after you deal with the horde you are free to kill it off. 

I thought Bloodsuckers were wank enough, I can't imagine what the higher end mutants are like. Every mutant feels kinda wank to be honest, Burers can range from relatively easy to being absolute bastards. Oh the room has 5 assault rifles for it to psychically use and gun your arse down, while it also has a shield you gotta wait for to drop before you can attack them. I beat one controller, and while it wasn't hard - it sure was a SLOG. I guess I just keep walking after it with blurry vision and pump it with an inordinate amount of ammunition as it waddles all over the bloody room. Absolutely not looking forward to meeting a Pseudogiant....",2024-11-25 10:33:00
1gyv6lv,2,"the thought process is ""don't fight them unless you have to"". it's resident evil-esque. wildlife is a lot tougher now but it's pretty obvious when the devs *want* you to fight them, like a fallout setpiece.",2024-11-25 11:12:31
1gyv6lv,2,"They rly need to rebalance the Mutants. I will not keep playing for now cause wherever I encounter a bloodsucker it costs me like all my ammo and health. 
Enemies should never do near 1 hit damage and also be extremely tanky",2024-11-25 17:50:28
1gyv6lv,2,Is this the dude that makes the mod that rebalances enemy health? I agree. lol some of these mutants could take on an army alone.,2024-11-26 04:56:06
1gyv6lv,2,"I was furious when they thought it would be a great idea to have the clones, the figments of our imagination, do damage. The same with spawning the fake bandits that shoot you with REAL BOOLETS when you are taking psi damage. Ridiculous.",2024-11-26 15:56:16
1gyv6lv,2,The arena was brutal,2024-11-25 02:11:01
1gyv6lv,2,Yoo! A dog that knows shadow clone jutsu!,2024-11-25 02:15:22
1gyv6lv,2,"> grok

> 295 comments

oh boy",2024-11-25 05:16:32
1gyv6lv,2,"lead them to other people, shoot them, or run away.",2024-11-25 11:07:02
1gyv6lv,2,That was the easiest round.,2024-11-25 11:29:14
1gyv6lv,2,"Only fought one so far and it was a POS. Isn't there a tell though? The master will pause and howl with a glow effect. That said, the duplicates spawn too quickly. They need to reduce that greatly.",2024-11-25 11:32:03
1gyv6lv,2,I was stuck in that hutners hide in Zalissya for a full in game afternoon While that psy dog tore up a pack of bores and a military patrol. The balancing is fucked but I have to say that was a pretty cool experience.,2024-11-25 12:24:07
1gyv6lv,2,"My girlfriend’s friend and her husband came over the day before stalker 2 was released. Now I have been holding off on buying any of the stalkers because I heard the new one was coming soon. For some fucking reason I listened to him saying that it prob would keep getting delayed after the convo of the games I like to play came up. He told me it’d be worth playing the older ones in the mean time. I spent $45 to get all 3 of the stalker games. The next day I see operatordruski with a stalker 2 video. I was slightly agitated. Posts like these & other bug related posts make me feel a lot better.

Just finished vanilla CoS btw and starting a modded clear sky tomorrow.",2024-11-25 14:02:11
1gyv6lv,2,maybe add like growling  or some animation only the real dog has mmm,2024-11-25 17:04:04
1gyv6lv,2,"Mutants are fucked really hard, a psy dog would give you more trouble than a burer+controller+pseudogiant encounter, it doesnt make sense. Game has a lot of nonsense",2024-11-25 17:10:40
1gyv6lv,2,"Reading the comments i realise two things. One: Glad to be not the only one. Two: Reading this thread also totally kills any motivation to even continue and just wait for a patch to have the enemies nerfed (hard) or just move on all together. 

I was quite exited as the triologi were some of my all time favourite FPS. And S2 managed to kill that in hardly 1-2 hours.",2024-11-25 19:08:12
1gyv6lv,2,"I mean on one hand I felt that the mutants in Gamma really aren't much of a threat for a seasoned/experienced stalker. Almost all of them can be easily evaded and killed with just a knife once you learn how they move/attack.


 So I get if they are trying to make the mutants more of a threat. Issue is where they are now isn't really great. I will say Stalker 2 was the first time I really got afraid of bloodsuckers due to how tough they are now but it's also not fun just pumping lead into something like that.",2024-11-25 21:20:41
1gyv6lv,2,"Happend to me yesterday by the sidemission with the two antennas. I saw a little snipertower in the swamp after i activate the last antenna and thought ""hey, maybe there is a good weapon in there or some loot 🥴"" 3 meters away from the ladder spawns the naruto dog for my eyes and start his shadow clone jutsu. Climb up the ladder just to find a corose, a letter and a bag with a few supplies 😭 and of course i was stuck there over 30 mins because he and his cook clones hides behind every single tree and rock and where i finally found the real psy dog, of course, comes a squad bandits who start shooting on all dogs that they all run around like crazy and lost the real dog out of sight 🤦🏻 turns out that its not a good idea to think that you can escape while the bandits take care of the dogs. Because they WILL get you. Maybe you can take them out. But before you could heal the 151739 bleeding bites, get you killed from the bandits",2024-11-26 09:23:18
1gyv6lv,2,"Bro the one in arena…. I wish I recorded it, I PUT ALL MY SHOTGUN AMMO INTO IT FROM 20 FEET AWAY THATS 40 bucks and 40 slugs and then the 12 bullets you get in the handgun then it still was alive so I knifed it once and it finely died 🤣",2024-11-26 23:32:49
1gyv6lv,2,"I feel like, without any benefit from killing mutants, GSC wants us to reconsider our approach and not taking every fight we stumble upon. Personally, when I'm in an open field and don't absolutely need to fight the mutants - I run. Works perfectly so far",2024-11-25 03:01:45
1gyv6lv,2,not any worse than half the shit this guy stuck in gamma,2024-11-25 07:56:29
1gyv6lv,2,This feels like cyberpunk all over again 😂,2024-11-25 12:35:09
1gyv6lv,2,Only recently finding out who grok was why hasn't gsc hired this fella,2024-11-25 14:07:05
1gyv6lv,2,"Far as I'm concerned, Grok's word is the word of God when it comes to STALKER. He's right. Every mutant is a right PITA to deal with, and his mutant health mod is basically required for having any degree of fun while fighting mutants.",2024-11-25 03:15:45
1gyv6lv,2,His mod made the game way more enjoyable for me. I fucking hate spongey enemies in all games.,2024-11-25 03:12:35
1gyv6lv,2,"Honestly the balance of this game is atrocious. It's sad that I had to download several mods just to make bullets feel like they function like actual bullets.

I think I'm going to stick with GAMMA for a while.",2024-11-25 09:45:28
1gyv6lv,2,what gamma does to a mf,2024-11-25 10:05:49
1gyv6lv,2,Why is there no spawn limit or cooldown for the illusion dogs?,2024-11-25 11:49:50
1gyv6lv,2,Okay Rookie,2024-11-25 05:14:18
1gyv6lv,2,"It amazes me seeing people call this game a masterpiece on here.  I would love if that was the case.  If people can turn their brain off  that much I'm happy for them.  Some people like a steak cooked well done too though right?

I'm 20 hours in and loving the atmosphere and story but if you take even 1 second to think about the game around you as you move through it you can tell how wildly unbalanced and rushed everything is.  Loot, economy, damage/health pools, bugged keybinds/controller support, vast long areas you trek through with nothing happening at all, AI that is insulting.

Hell I'd even love for some scripted interactions outside missions....  Literally nothing at all happens outside of the missions in this game.  I'm having fun immersing in the atmosphere and story as well as hitting all the stash spots I come across and find locations for.  You have to role play this game because there's just nothing really here.",2024-11-25 06:05:35
1gyv6lv,2,Who this?,2024-11-25 02:27:30
1gyv6lv,2,answer - yes,2024-11-25 02:01:12
1gyv6lv,2,Using that arena I kind of learned how to fight it. The real one would stand still alot and it would be the only one to show it is wounded but still I agree annoying enemy.,2024-11-25 02:23:16
1gyv6lv,2,"On that side quest in Chemical Plant, I rushed in and out because fuck that, that dog killed everyone on the entrance, including the quest giver and the guard blocking the entrance.

I'm not sure if it fucks my progression later on, but the quest is broken and I can walk in to the plant but not inside the buildings.",2024-11-25 02:41:57
1gyv6lv,2,"Forgetting about the bullshit with the clones spawning all around you meaning there's no way to funnel them through a doorway or corridor cause they spawn behind you anyway, and also the fact the real one disappears and leaves behind a clone when they finish howling.",2024-11-25 02:49:53
1gyv6lv,2,"They paid her due respect.
But all monsters hp should be reduced by half in my opinion",2024-11-25 03:04:58
1gyv6lv,2,"With a controller, all you needed was some psy blocker and then 3 slugs to the head.  
Psy blocker not working on doggy?",2024-11-25 03:15:55
1gyv6lv,2,This arena.......approximately how far into the story is this? Becasue if I haven't already encountered it I'm dreading it,2024-11-25 03:16:12
1gyv6lv,2,"*looks at the stack of of 50 HEDP gl rounds, then at the ring of dead shit around himself*

Yes, yes my precious. You crave more. 

GL rounds work perfectly on mutants/humans/yourself.",2024-11-25 03:26:31
1gyv6lv,2,"Is that what that is?! I didn't get the gimmic of the fight I've been running for my life being chased by these things through like 2 diffent regions eventually I just reloaded a save and avoided that area entirely, which is the real one?",2024-11-25 03:32:29
1gyv6lv,2,I hope his mods come to Xbox because I just have to run away anytime I see a Psy dog or the new cat mutant. ,2024-11-25 03:34:32
1gyv6lv,2,They can snipe you with a sawed-off shotgun with 14% condition from 300 feet away but can't hit the enemy less than 3 ft away.,2024-11-25 03:36:14
1gyv6lv,2,"Arena was whatever, because there's tons of crates you can jump on and then shot the braindead ai, just careful not to run out of ammo. But in the wild it's pretty crazy. I don't get what GSC was thinking when making most of the mobs.

So far only Boars make perfect sense balance wise so far. Though I think modders did it better in previous games, where they made the head armored and the backside less armored, making you aim for the butt not the head to spice it up.",2024-11-25 03:39:04
1gyv6lv,2,Thank god I haven’t encountered them yet. I fought one controller and it brought me to the brink of insanity. Finally killed it after I rushed and unloaded 3 mags into its head plus some shotgun shells. The mutants health is absolutely ridiculous and completely unbalanced.,2024-11-25 03:44:46
1gyv6lv,2,This dev team prioritized  their sadism over game balancing and it shows.,2024-11-25 03:55:16
1gyv6lv,2,"If it had a way higher cooldown it would be fine, but rn it's insane",2024-11-25 03:57:29
1gyv6lv,2,"Everything being a bullet sponges feels so anti to the identity of stalker. 

Everything can quickly die. So can you.",2024-11-25 03:59:30
1gyv6lv,2,I feel like mutants and things were supposed to be a “look just run away you’re not able to handle this” but they took it too far in that direction and with the economy being so shitty (probably also way overtuned) it just becomes why bother doing anything but run away from everything constantly,2024-11-25 03:59:32
1gyv6lv,2,I've come across Psy dogs on 5 different occasions and still haven't managed to kill the alpha... I just ignore and run away now.,2024-11-25 03:59:52
1gyv6lv,2,Man those dogs are the worst. I ran into some during a fight and just ran after they killed me twice and wasted a shit tonne of my ammo. Hands down my least favourite and definitely need a rethink imo,2024-11-25 04:03:00
1gyv6lv,2,"Just encountered my first psy dog. At night, in the swamps. It was hell. Seriously tho, these guys need some tweaks",2024-11-25 04:15:16
1gyv6lv,2,"Yah, fucking hate Psy Dogs.",2024-11-25 04:16:30
1gyv6lv,2,I know precisely the area he's talking about. I had to get the help of three passing friendly stalkers to help thin the heard whilst I tried to find the main dog. It was a pain in the ass and took way too much ammo. Enemies are generally too tanky across the board it feels in this game.,2024-11-25 04:16:58
1gyv6lv,2,"huh? i fought my first psydog in lesser zone earlier on medium difficulty and had very few issues. i poked the clones just once with my rifle, 1 bullet is enough, and i really didnt think the main guy was hard to kill at all",2024-11-25 04:18:05
1gyv6lv,2,They need to adjust enemy health in general. Some creatures just eat bullets like it's in their diet.,2024-11-25 04:19:25
1gyv6lv,2,They make u use a fucking broomstick as well lmao,2024-11-25 04:20:31
1gyv6lv,2,"1 psydog locks the area, you have to get lucky if you want to kill one",2024-11-25 04:21:35
1gyv6lv,2,"Thank God for the AI's terrible pathing. I just jump onto boxes and shit until I can get away, I'ts not even worth wasting ammo, time, and durability to kill a Dog.",2024-11-25 04:37:16
1gyv6lv,2,"Without any loot to make it worthwhile, it is a resource killer to fight any non-human enemy in this game.",2024-11-25 04:43:30
1gyv6lv,2,You can spot the real one by waiting him bark or keep an eye in a bubble effect that happens time to time.,2024-11-25 04:43:38
1gyv6lv,2,Oh non they're an arena round about Psy Dogs ? OMFG I'm gonna die...,2024-11-25 04:46:34
1gyv6lv,2,"It's pretty easy to tell which dog is the real psydog, but my god the amount of health it has is insane. Look for the one that isn't running around you and is just standing off in the distance usually.",2024-11-25 04:47:14
1gyv6lv,2,"I feel in general fighting mutants is a pain. Mainly because they have no drops beyond whatever they may happen to be guarding and the fact you have no defense beyond jumping out of reach. Even then, the mutants seemingly know to run for cover, so have to drop down to lure things in.

Bloodsucker are also a massive pain. So tanky, constantly invisible, stunning roar and a lot of times in pairs. Heck I got jumped 3 once! If the game had some dodging mechanic I'd be less annoyed, but that doesn't fit the setting theme. If we could reload and heal while running that make things more balanced too.

But yah in general mutants are not fun. It's a resource battle that makes me want to avoid fights with them.",2024-11-25 04:48:11
1gyv6lv,2,"Out of a shitton of broken stuff, this is probably the worst.",2024-11-25 04:48:28
1gyv6lv,2,Psydog opinion: The psydog fight in COP in the underground tunnel preceded by the anomalies that resets your position is one of the most memorable in the game.,2024-11-25 04:52:08
1gyv6lv,2,"I feel like GSC decided prolonging the fights by making the enemies more tanky was the way to go about doing the series' brutality when really they it should be a much lower health pool but high damage.

Like I want to feel like if I'm not constantly on my toes looking out or doing the right strategy 1 or 2 hits could potentially end me, but also that the 1 well placed shot could save my life.",2024-11-25 04:55:51
1gyv6lv,2,"I've found an easy way to deal with the dogs and annoying ass invisible mutants. Find something to stand on. Logs, cars, boxes etc... They just run circles around you. The dogs especially are easy to deal with. Those invisible assholes really serve no purpose other than to annoy the shit out of me. Lol",2024-11-25 05:04:16
1gyv6lv,2,That was pretty easy just cheesing the dog in the back,2024-11-25 05:07:48
1gyv6lv,2,The real dog just got stuck in a corner when I did the arena lol.,2024-11-25 05:19:30
1gyv6lv,2,Mutants in general are bullet sponge tanks,2024-11-25 05:20:01
1gyv6lv,2,"Not going to spoil anything  , but I was in situation, when I was attacked by multiple slow enemies. I threw like 3 nades at 6 enemies - 2 died , 4 fell and got up. Literally fireworks at this point",2024-11-25 05:22:54
1gyv6lv,2,"There’s so many issues with this game. It’s still fun, I’ll give it credit where it deserves. But the horrible economy issues, bloodsuckers and other enemy varieties being a pain to kill and offering literally 0 reward for doing so, and apparently the server mods are toddlers and you can’t say cuss words. That’s my own gripe though",2024-11-25 05:36:30
1gyv6lv,2,A bloodsucker surprised me and knocked me to the ground. I stood up and tried to heal. He hit me again in the back and killed me before the healing animation was finished.,2024-11-25 05:48:24
1gyv6lv,2,I found a psy dog attacking Rostok..the entire Garrison was out front fighting and not being able to kill the main dog lol,2024-11-25 05:50:31
1gyv6lv,2,"I just killed a group of 8 boar(?) and i was upset to find you cant even knife them for some sausage.  They're tankier than the inside out cows ffs, and aren't mutilated like them, so I'd expect people are making sausage out of them",2024-11-25 05:51:39
1gyv6lv,2,"Honestly they dropped the ball on mutants in this game hard. In the originals all the mutants felt like actual mutated animals or creatures that just inhabited the zone. Some were super dangerous, some were relatively harmless, not all of the were always agro, dogs would flee if you killed a few of them etc etc. you’d only really encounter bloodsuckers if you went into their hunting territory and while they were hyper lethal they were still realistic in that some bullets would put them down and so on and so forth. They were a big reason why the zone felt so alive and like a real place that you just happened to be within. 

Now in Stalker 2, all of the mutants just feel like video game enemies.",2024-11-25 06:00:11
1gyv6lv,2,A lot of decisions seem a bit weird. I can’t tell if they just wanted to try something new or are just pretending like it’s intentional since they didn’t have time to balance stuff.,2024-11-25 06:02:08
1gyv6lv,2,It’s like playing wack a mole with side dish where’s Waldo and drink of OMG why won’t you die,2024-11-25 06:12:24
1gyv6lv,2,"im only playing because of his mutant health mod.   praise him

edit:   not sure if it's allowed, here it is.   https://www.nexusmods.com/stalker2heartofchornobyl/mods/23

i dont know him at all",2024-11-25 06:15:02
1gyv6lv,2,Yeah that arena round was super lame. I just kept shooting until eventually I won...,2024-11-25 06:16:18
1gyv6lv,2,The main psydog stays in the back and howls. Easy enough to identify. Just run in and gun then try get to a high spot to heal and reload then run and gun again,2024-11-25 06:16:26
1gyv6lv,2,"I thought they were bugged, good to know. I watched a group of stalkers fight them dogs for 15 minutes plus. Figured it was broken spawns.",2024-11-25 06:17:02
1gyv6lv,2,I had a run in with this *demon* and god it was awful.,2024-11-25 06:24:49
1gyv6lv,2,"There are green stalkers crying about bloodsuckers, but anyone who met Psy dog... Oh My Zone, have you mercy?",2024-11-25 06:25:32
1gyv6lv,2,Why even do this GSC? Don’t get me wrong. I’m absolutely loving S2. And this is my first ever Stalker game. But I don’t wanna be dealing with Psy Dogs that chase me across the entire map.,2024-11-25 06:27:53
1gyv6lv,2,"I've ran into psydogs twice so far. One time the thing had an electronic collar on it. The other time, nothing",2024-11-25 06:29:05
1gyv6lv,2,"Ngl I don’t understand where this guy is seeing this cuz all dogs have died to my shotgun in one or two shots max. Idk if he’s on veteran but I’m playing on Stalker and the worst enemies for me recently have just been bloodsuckers. Even then, they aren’t the worse struggle in the world.",2024-11-25 06:30:39
1gyv6lv,2,"The problem with the arena one is that you can't single out that specific Psy-dog because you lack the semi-auto fire to deal with the clones when you lose track of the original. Which, I believe, is the point. When you're in the open world, at least for me, Psy-dog's aren't that bad. I mean, them tanking 20 slugs is bad, but I just mean finding the main one isn't bad and, when it howls to summon clones, it leaves it open to getting 20 slugs to its fat head. 

If I was to rebalance it, I'd give the main dog a pulsing effect similar to the collar-hunting mutants, where the collared mutant will glow on occasion when it's fighting you. It's been a while since I've seen OG psy-dog's, but pretty sure they handled it by having the main dog's eyes glowing blue while the fake ones didn't have glowing eyes?",2024-11-25 06:31:13
1gyv6lv,2,"When I left the sewer after the sphere mission, I looked down the hill and saw some movement I was overloaded so I did a 180 and went up the hill at which point some friendly stalkers came and lit up the what I thought was a pack of dogs...

Gunfire lasted about 5 minutes, I kept seeing blue puffs of smoke, I went closer to look at what was going on, I was so confused it was dark and they were moving so quick, then all of a sudden it all stopped.

I thought thank god I didn't get involved!

Fast forward to garbage, I just met Scar on my way to Wild Island I see a hut with two Duty guys outside, I went in the hut and blam a group of Phy dogs, this time I was in the thick of it!

About 5 deaths later I shot one and it didn't puff into blue smoke shot it again and it died, ahhhhhh that was the alpha!

Man that was not easy though.",2024-11-25 06:33:54
1gyv6lv,2,The worst enemy is actually whatever the fuck spawns infinite ghost dudes u can't even loot. I still haven't figured out how to find and beat whatever that is.,2024-11-25 06:41:16
1gyv6lv,2,"I ran into one yesterday on veteran difficulty took out spawns with a pistol, then the main with a viper 5 maybe i got lucky",2024-11-25 06:43:52
1gyv6lv,2,"That labyrinth, that army of rats, some enemies tried to ambush me, all I heard was screaming and gunshots as I ran away.",2024-11-25 06:44:28
1gyv6lv,2,I found one while looking for a stash and jumping on top of a rock and applying grenade to the dog running around away from me seemed to work well.,2024-11-25 06:44:40
1gyv6lv,2,I didnt have any trouble with the psy dog in the arena honestly… maybe cuz I play on stalker difficulty?,2024-11-25 07:04:37
1gyv6lv,2,You guys don’t like putting 4 mags into a bloodsucker?,2024-11-25 07:15:34
1gyv6lv,2,"I just finished that fight on the middle difficulty, it really wasn’t that bad. Maybe 10 slugs total, used buckshot to clear the copies easily.",2024-11-25 07:26:42
1gyv6lv,2,"Arena mission 2. Yep, I'm stuck there as well. The HP of psy dogs is completely unbalanced. 30 shotgun blasts to the face and nothing. In SOC it was two shots maybe 3 at most.",2024-11-25 07:28:41
1gyv6lv,2,I dont mind 'stupid' enemy powers like this if they had an actual reason to fight them. There's a side quest where you literally get asked to help a squad take one down and you get absolutely nothing for doing it - you're just out 200 bullets and some medkits,2024-11-25 07:34:21
1gyv6lv,2,"Is that what that little fucked up chimp-like homonculus was? I thought I was schizophrenic for a bit trying to loot a stash it was guarding. I kept hearing human voices, and when I finally found what I thought was making them, they turned out to be zombies, and they don't talk. I kept hearing the voices, and as I got closer to the stash, I heard what sounded like an angry bobcat inside. While I looked for the key to the door, my character, who had JUST slept, suddenly got so sleepy I almost passed out, so I had to slam down an energy drink. When I finally open the door this little fucked up dog thing with a human head bursts out and starts beating my ass. Worse than a bloodsucker hopping around and taking even more shots.",2024-11-25 07:34:59
1gyv6lv,2,The RAM-2 with expanding shells seems to be pretty op. Will kill a psydog in less than 1 mag and will 1 shot headshot exos at close to mid range,2024-11-25 07:41:13
1gyv6lv,2,"they give a hint though

search for the one running away",2024-11-25 07:41:55
1gyv6lv,2,"I found a pay dog  in the starter zone, I first hid in a hunting tower trying to kill them off before remembering how psy dogs work. Then I hopped down to retreat and make room. Found 3 military goons coming my way. I ducked into cover by some terrain and the 3 military guys opened up on the psy dog clones. Just mag dumping them like crazy. The dogs just kept coming. They only killed one military guy because I turned around to move and the original was pouncing on me. I just dumped all my shotgun shells into it narrowly escaping death, only to be hunted and gunned down by the remaining military boys.",2024-11-25 07:47:08
1gyv6lv,2,First time I encountered them luckly there were 6 stalkers to help me,2024-11-25 07:48:09
1gyv6lv,2,wait till he gets to the next part,2024-11-25 07:48:14
1gyv6lv,2,I just ran through the arena with the psy dog fight and it’s fucking insane it take so much to kill one damn dog like I ran out of ammo my first run through and had to try to use my knife which didn’t work,2024-11-25 07:56:51
1gyv6lv,2,"First mod I got was to fix tank enemies. There's no way a bandit in a leather jacket can tank 2 entire mags to the chest from an mp5. Now, a head shot kills, and 3 to 5 rounds to center mass is more than sufficient. Armor works, so an exo skeleton dude can handle more shots.",2024-11-25 07:58:59
1gyv6lv,2,"Yeah I've encountered 2 psydogs, the second time I just ran, fuck those things",2024-11-25 08:14:54
1gyv6lv,2,"to be fair this is the design philosophy for every mutant in Stalker 2 (and Radiophobia)

have them tank 250 full AK mags and figure out the rest later",2024-11-25 08:20:01
1gyv6lv,2,"Haven't really confirmed the first one BUT,

1/ Think the legit one will actually show wounds, so if you have time and notice one of them has more red on them then you are aiming at the right one.

2/ Legit one will have blood spray when its hit, comes in handy when there are other poor buggers in the fight, hop on a crate and look for a dog that actually bleeds instead of exploding into fairy dust.",2024-11-25 08:24:26
1gyv6lv,2,"In the train depot, there were at least a dozen bandits that kept telling me to talk to their nonexistent boss. While I was there a pack of dogs, three packs of fleshes spawned, these fuckers actually got reduced to half lmao.

But what's worse is when I saw three stalker squads get demolished by 1 psydog while I watched from afar eating bread.",2024-11-25 08:24:30
1gyv6lv,2,"How about fixing the enemies having a weird tremorsense all the time and always hiding 100 meters away as soon as you jump on the box, then using their 6th sense to appear right in front of you?",2024-11-25 08:27:47
1gyv6lv,2,The psydog in the room on the way to Sawmill was brutal!,2024-11-25 08:38:51
1gyv6lv,2,Take psi pills and you good,2024-11-25 08:45:00
1gyv6lv,2,"PsyDogs? I have fleshes tanking 4 slugs to their fucking face. And they come in atleast 3’s. Those cunts are supposed to be defensive, not offensive and ready to kill indiscriminately.",2024-11-25 08:47:24
1gyv6lv,2,I actually learned the trick to psy dogs. The actual one is the one that doesn't attack. Ironically learned that in the arena. After that it was just a point of getting the right angle.,2024-11-25 08:54:50
1gyv6lv,2,"TIP: Shoot a few of the projections, then watch for the real Psydog to do his glowing howl animation to replensih the projections. It'll stay still while performing it, giving you a chance to land a tonne of hits.

Once you get it down, they become an absolute breeze to deal with.",2024-11-25 09:01:55
1gyv6lv,2,Psy dogs are crazy I when ever I face them I run away and pray that I can lose them,2024-11-25 09:28:14
1gyv6lv,2,Three different La Rositas emojis? Very nice.,2024-11-25 09:28:51
1gyv6lv,2,"I've only met one so far, the one that's in a small swamp with a wooden tower in the Lesser Zone, and I just gave up after wasting like 150 rounds and 20 shells + some grenades, couldn't even tell if I'd hit the ""right one"" at all, the area having all that tall grass and water certainly didn't help.

But generally speaking, I'm mostly fine with their health considering the game drowns you in ammo/meds (Though I'd prefer if resources were very rare/expensive but enemies easier to kill honestly, feel like it'd be more fun and logical but w/e). I'm more annoyed at the fact that some of the encounters in this game feel like complete brick walls. It's a ""you don't even know what this is or what it does, nor will you unless you use Google, have fun"" type thing, maybe picking Veteran wasn't smart as a first timer but I don't think lowering the difficulty would change my actual problem with these. 

Like that one >!electric ball!< thing in the >!Factory basement!<, how the hell am I supposed to know that >!having artifacts equipped!< turns it into an invincible homing missile constantly targeting you ? There's no encyclopedia to look up, you can't ask veteran Stalkers about anything relevant, no dying note from a corpse nearby to clue you in, none of the PDA journal entries give you tips etc... It feels like you're expected to know all these things from older games or something, and if you don't ? Well enjoy brute-forcing it in a very tedious way because that's why we litter the world with ammo and meds ! 

Why isn't there an easier access to mutant/anomaly lore through discussions, books and whatnot ? Make these Stalkers sitting around a campfire share stories about a tough mutant they defeated/bypassed and how, maybe in exchange for feeding them/giving them something to drink, ya know. Hell, put in an informant type NPC you can buy some tips from via coupons or whatever if you want, anything. I've been playing for 15+ hours and I still don't really feel like I know much of anything about the world or its creatures. Our character seems oddly disinterested too, it's much too rare to have a dialogue option that simply asks ""What's this ? I'm new here"" and that's literally my feeling about half the stuff that's talked about.

Bit of a rant, mb, but eh.",2024-11-25 09:29:41
1gyv6lv,2,"Enemies like these are what make me question whether the devs tried playing their own game to see how it actually plays. 15 clones, all of who can kill you in a few hits. Oh, also, the real dog is probably running away so that it's hard to get to it. At least that's what happened with the first one I encountered in Lesser Zone. In the end I just left without doing the fight because it was too frustrating.

It doesn't even make sense for these clones to do damage, because they're not ""real"". This could have been a really fun enemy if the clones didn't do damage. It would make you waste ammo while trying to find the real dog. Instead it's a fight where you have to desperately try and find the real dog while 15 clones are damaging you, and the dog can just resummon clones when you kill them all.

No playtester should have played this and thought ""this is fun"".",2024-11-25 09:37:06
1gyv6lv,2,I hated using slugs in Stalker. They never worked out as well as I hoped. Using buckshot was a lot more effective.,2024-11-25 09:38:14
1gyv6lv,2,Aim looooooooow sweeeet chaaaaaariot,2024-11-25 09:42:52
1gyv6lv,2,"Did anyone else get jumped by 3 flashes, a blood sucker, 2 bandits, and a poltergeist after hoping over the wall?",2024-11-25 09:52:51
1gyv6lv,2,"Ah, see stalker you just need to learn to stand on a crate. If you run from crate to crate the Psy dog can't get to you. Then it just becomes a game of hide and seek until you spot the real one. Also just hope that you have enough ammo.",2024-11-25 09:57:39
1gyv6lv,2,"My first encounter with a psi dog, I just hid in a tower and killed it's copies and since the main dog was glitched in the tree I found it easily and killed it. However I found a psi cat and that mf took like 5 mins to kill with 2 NPCs helping me since it would NOT stop spawning clones.",2024-11-25 10:15:36
1gyv6lv,2,All the mutants have absurd health pools for what they are. I'm starting to wonder if it's a global variable that's messing with the scaling. Maybe how they coded the difficulty modifiers?,2024-11-25 10:28:24
1gyv6lv,2,"Yea lowkey more scared of these than the actual bloodsuckers. 
Luckily I’ve only ran into once so far 😂",2024-11-25 10:49:16
1gyv6lv,2,"Honestly... it is impossible to kill psy dog in level fight. 

I have killed several of them now, but the only way is to get onto the box (doesn't even need to be big box) and then all AI can't catch you and go into strange ""hide and seek mode"". 

Then you look around and kill them one by one, until you find the main one. In this ""hiding mode"" he does not spawn clones, so it is quite easy to tell which one is the main one and then just be patient doing headshots. Buckshot is out of question (because they are not going to be close), but any normal round should do. I killed one with \~15 .45 from USP, also hollow point 5.45x39 works extremely well... I killed it with just 3 shots (but I rarely have those rounds one me, so 15 regular 5x45x39 will do). 

But that is the only way, otherwise it is literally impossible. I have seen them chew 6 NPCs like nothing and the more people shoot them, the more they spawn. Most importantly it is impossible to know which one is the main one, before you shoot it, but then the second you shoot it spawns another 5 dogs and switches place with them... and now again you don't know which one to shoot. 

And if you also play on veteran, then I don't even know how many bullets it would take to take it down.",2024-11-25 10:51:21
1gyv6lv,2,"I've modded the game with various things, and even customized a version to myself to get some proper damage and fix up the broken economy. Makes the game so much more fun.

I can't see myself going back to vanilla. Unloading loads of shotgun shells onto a mutant's face and it's basically doing nothing is BS.",2024-11-25 11:03:32
1gyv6lv,2,Somehow I'm not surprised at that after knowing how spongey the intro bloodsucker was. At least there was a tower to lob all of my unused grenades while the psy dog got stuck.,2024-11-25 11:04:25
1gyv6lv,2,"Not to mention the chimera at the arena.

You pray that all of the ammo they give you hits it in the head.

Like why? It just makes me not want to encage with the fight. You bet I stood on top of the boxes.",2024-11-25 11:22:26
1gyv6lv,2,"I mean, the psy dogs in the original games were very understated. For the longest time I just thought they were a different looking kind of blind dog until I saw one actually disappear. But the ones in the newest game? Uncalled for.",2024-11-25 11:29:44
1gyv6lv,2,just get on a car or smt lOL,2024-11-25 11:37:45
1gyv6lv,2,"Let's not forget you only have one mag in a pistol and *20 shotgun shells* in said arena. Oh, and just a cherry on top, let's throw in a pack of blind dogs as well...",2024-11-25 11:56:52
1gyv6lv,2,"In the OG Stalker games enemies had crazy HP, I get they were being faithful, but it straight up wasn't good in the OG Games.",2024-11-25 12:48:59
1gyv6lv,2,"I just a accepted that games supposed to be hard, and I like it so eh. Whatever saves my ammunition makes me happy",2024-11-25 13:28:06
1gyv6lv,2,"I am fine with all mutants but the Chimera. 300 rounds to kill a Chimera is simply too much, and I am fine with it being a simple mutant that jumps at you and you must jump dodge it. Mechanics-wise I like what they have done, the dog ghosts especially. 

Also adding some kind of sellable trophies to all of them is a must. There needs to be a reward to offset the cost of material to kill them, otherwise I will just continue outrunning them in the late game, which is not something that constitutes a good gameplay loop.

The fact that I have like 10 mods to modify repair costs, day-night length, stamina, durability and the weight of consumables is something that I should have done much earlier, but I was kinda just expecting it to be properly balanced in the late game. It wasn't. They didn't playtest this game from start to finish because it is so painfully obvious to me after 60 hours of gameplay in the game and lots of experience with previous games and mods. It is not a skill issue, it is simply bad balance that ruins the gameplay loop. Easily fixable with said mods that target % changes (in the range of 20-50%).",2024-11-25 14:00:41
1gyv6lv,2,"Its good to see that every community has people that respond to genuine critique with ""its not that bad do this"", It is so annoying in helldivers 2 community, helps me ignore them

Everyone says you have to shoot the real one, but I swear was shooting the dog that was glowing and spawning new ones, abd after it was done with that howl animation it died with same blue explosion like clones do.",2024-11-25 14:02:31
1gyv6lv,2,"Oh they're all terribly unbalanced. Fought a pseudogiant, I hit it in the head with a slug and it went catatonic, so I unload 100 Hollow point rounds into it, another 215 AP rounds and then another 100 FMJ rounds and 8 buckshot.",2024-11-25 14:02:55
1gyv6lv,2,"Speaking of arena, anyone else bugged so they can’t progress the rest of the arena missions? Kinda given up on it until I do my next playthrough",2024-11-25 14:16:21
1gyv6lv,2," b!,   .  .. 😋😛😌🤪😜",2024-11-25 14:18:34
1gyv6lv,2,i only had to shoot it 3 times in the face. But I bleed out directly afterwards so no victory yet.,2024-11-25 14:23:31
1gyv6lv,2,Mutants are having wAY TOO MUCH health rn.,2024-11-25 14:42:25
1gyv6lv,2,"-me reading comments. Opens nexus mod downloads mutant health decrease. 

Problem solved. I have resolved all my problems. If only I was this good at resolving real life problems.",2024-11-25 14:47:00
1gyv6lv,2,easily stronger than bloodsuckers,2024-11-25 14:49:49
1gyv6lv,2,I just went through that round after wondering if psydogs were in the game and that it was pissing myself after it ate 16 shells of buckshot,2024-11-25 15:05:05
1gyv6lv,2,"I had a fight w the psy-dogs outside of where Solder is located, as i was trying to kite them around that lake, I guess I kept exiting their ""arena"" as they'd literally despawn, couldn't hear them or see them, then I'd step over the threshold and they would respawn randomly everywhere. So frustrating I just left the fight, must've wasted 4 mags lmao.

I love this game and remain optimistic though, I hope to see the changes we all want.",2024-11-25 15:08:53
1gyv6lv,2,"He is 100% on point, the psy dogs are the new menace of the zone forget the bloodsuckers.

At least the suckers runs and you can identify it, psydogs even if you go upon an object not even that will save you, your bullets, your time and your sanity, its truly a psydog. 🤣",2024-11-25 15:23:44
1gyv6lv,2,"The arena fight is easy when you've mastered the High Ground experience. Yes, it is basically cheesing the AI, but... just look for the only standing dog that sometimes emit blue auras. Pretty easy once you've figured it out.",2024-11-25 16:02:32
1gyv6lv,2,In previous games the primary dog is the one that stays in the back and runs away from you. Is that no longer the case? I always knew which one to shoot.,2024-11-25 16:17:20
1gyv6lv,2,It took me 20 grenades to even get close to killing one psy dog in the swamps,2024-11-25 16:27:40
1gyv6lv,2,Stalker 2 mutants overall have very high health,2024-11-25 17:10:24
1gyv6lv,2,"A psydog is supposed to be this support hunter that lets other dogs swoop in for a bite while keeping distance and confusing the enemy.

In stalker 2 they transfer their bite strength to unlimited amount of clones they spawn, and can tank more than pseudogiant. 

I'm not against that arena psydog being some jumbo variant, but even then - why the hell does schizophrenia it gives me (clones) deal actual, real damage?!",2024-11-25 18:14:05
1gyv6lv,2,"The worst part for me so far was warren shack or whatever. Got stuck for 2 hours or so. Tried different strategies. Only to later look up on youtube and google and reddit on how to. And then do it after a few attempts. Tried killing it which you don't have time to do, well I did but them the storm gets you. Only way really is running. 40 rounds of lynx and a few shotgun lol.

F that part.",2024-11-25 19:19:51
1gyv6lv,2,Nowhere near as bad as controllers imo,2024-11-25 19:58:20
1gyv6lv,2,"How do you get the dogs to stop? They show up in safe zones now and I thought it was a game bug...

Initially I killed 3, 6 spawned, I ran dropping grenades and more keps appearing.

Last time I walk directly to a location 😐 I also shut my eyes and hear a scream. Which also seems to not go away.",2024-11-25 20:00:16
1gyv6lv,2,"I'm a bit confused by this take tbh. I remember killing them early game with one AK clip & now in late game I had one Psy Dog bug out on a fence, I think it only took like 10 bullets of 5.56x45mm to kill it.

It's probably only as bad as a bloodsucker at worst. But I always found myself using a bit more effort to take those down.

Maybe he was just frustrated because the spawn mechanic def makes it impossible to tell who's who. I don't remember how the Psy Dogs used to differ in the past.",2024-11-25 20:23:29
1gyv6lv,2,Grok is basically the jesus for this game,2024-11-25 20:55:11
1gyv6lv,2,I was running in circles around the chemical tanks with psy-dog chasing me until this sucker fell into the acid swamp and died.,2024-11-25 21:01:29
1gyv6lv,2,I encountered these guys deep in the swamps and after blowing all my ammo and dying I decide to just run lol,2024-11-25 21:02:18
1gyv6lv,2,"Yeah mutants in general have way way way too much health.

I know they are meant to be tough and to keep you from having borderline infinite ammo,but yeah they need a slight HP re balance imo.

Got to a point in the Campaign at siirca where I fought a Pseudo-Giant for like 30 solid minutes with like 20 friendly troops,finally killed it.

Got through that with hardly any resources left guns and gear near broken only to leave the mission and run into a chimera which took a further 20 mins to kill...then my game crashed and I had to do the Chimera fight all over again all whilst I was 2.1k away from an item box or repair Tech",2024-11-25 22:00:32
1gyv6lv,2,Regular dogs piss me off I haven’t even seen a psydog yet,2024-11-25 22:14:20
1gyv6lv,2,"Mutants, especially in higher difficulties are absolute bullet sponges. 

Like yeah, an entire shotgun mag for a flesh sounds good right?",2024-11-25 22:20:35
1gyv6lv,2,He's the last guy who's thoughts on the game balance I want to know.,2024-11-26 00:27:59
1gyv6lv,2,I literally had to stand on a box to just avoid the fuckers,2024-11-26 01:46:02
1gyv6lv,2,Skill Issue,2024-11-26 01:56:14
1gyv6lv,2,"To me it's all mutants' extreme bullet sponginess that makes it unreasonable. Having to mag dump to take out a single flesh or one or two blindogs at best is ludicrous; it gets more ridiculous still when you start fighting more dangerous mutants and find out that, while they have dangerous abilities, the real danger is the economic cost of having to sink your entire inventory of ammunition into taking them down. Then there's also the drastic amount of wear on your weapon and the hugely disproportionate cost of repairs.


Grok's mod is a must have for this, mutants straight up just have way too much health.",2024-11-26 03:14:02
1gyv6lv,2,And you get zero rewards if you do take it down,2024-11-26 03:28:23
1gyv6lv,2,"So just a thing here for y’all that seem to lose so much money from mutants.


Uh guys? Legit, once you get a pump shotgun, take that everywhere with you. Choose whether you want a sniper, SMG or assault rifle for human fights, but seriously carry the damn shotgun. Enemies are bullet sponges, but you’ll be killing bloodsuckers, burors and poltergeists in like 4 or 5 good hits. Most regular mutants like fleshes and boars in 2 hits. It’s much more cost effective (I’m playing on STALKER difficulty to be fair). But yeah.",2024-11-26 03:35:05
1gyv6lv,2,Speaking of psy dogs has anyone visited Noah's old barge yet? Lol. Alot of funny and cool semi nods to CoP. Especially the inside items and decor lol. I won't spoil anything but for anyone that played CoP worth a visit.,2024-11-26 04:06:45
1gyv6lv,2,The spawns make the regular blind dogs act like psy dogs too I had two packs spawn at once it’s really annoying,2024-11-26 05:22:43
1gyv6lv,2,"The ""right"" dog had particle effects around him. Or it did for me",2024-11-26 05:44:21
1gyv6lv,2,"But yet it took 25 towns people 3 mins to unload hundreds of rounds and one dead guy to drop 1 bloodsucker. The zone is a strange place indeed. Also, never stand anywhere in front of other people when they're shooting. They will kill you lol.",2024-11-25 02:27:32
1gyv6lv,2,The games balancing is just fuuucked,2024-11-25 03:33:17
1gyv6lv,2,Psy dog companion DLC when?,2024-11-25 02:44:08
1gyv6lv,2,ok now i dont want to meet psy dog anymore,2024-11-25 03:30:53
1gyv6lv,2,I saw a psy dog die to three zombies,2024-11-25 04:51:14
1gyv6lv,2,That’s fucking cool,2024-11-25 02:50:19
1gyv6lv,2,Lol well I was in an apartment in pripyat and saw 2 blood sucker's vs 1 pay dog and the blood sucker's won. Maybe there's some area advantage for the bloodsuckers.,2024-11-25 03:35:16
1gyv6lv,2,Grenades are weak tbh,2024-11-25 02:05:58
1gyv6lv,2,"Honestly I keep *trying* to use them but they keep showing me how weak they are. Without the ability to start cooking them early they're borderline useless. Especially since they give plenty of time upon landing for every enemy to book it, and they all immediately see the grenade coming.",2024-11-25 09:09:42
1gyv6lv,2,"The arena fight you can kinda deal with because it's enclosed and all the clones are pushing you while the real one runs away. Push the one that runs away, empty 2-4 shells into him, jump on a box as the others gather round and he runs away, rinse and repeat 10-20 times.",2024-11-25 02:36:14
1gyv6lv,2,"i mean, they made it so not a single mutant in this game is fun to fight. even the rats are annoying with how much they jump around the place, why do so many mutants need to have a leap sort of attack lol

can't even deal with the swarm of rats effectively with nades because those too oddly are nerfed to shit, but then again maybe that's a boon with how the npcs spam them",2024-11-25 03:23:28
1gyv6lv,2,Still 10 times better than Chimera.,2024-11-25 04:08:11
1gyv6lv,2,"Just stand on a box. Wait for it to howl, that's the real one.",2024-11-25 03:19:01
1gyv6lv,2,"too many design decisions left me scratching my head in this game.

i hope they can turn it around but, honestly, when the jank runs this deep it’s unlikely to ever be what everyone hoped. (i don’t take no man’s sky and cyberpunk to be the great redemption stories everyone thinks they are—both games are still fundamentally flawed.)

the only hope for stalker 2 is modders.",2024-11-25 06:32:27
1gyv6lv,2,"I hope you haven't been to the swamps yet. cus uhm... yeah, fucking yikes.

no technician for miles, emission + chimera scripted event.

yikes.

bring many rpgs",2024-11-25 02:20:04
1gyv6lv,2,You have to heal while jumping out of the way. I fought the scripted chimera with a saiga 12 in the swamps as an emission started and had to book it to safety after.,2024-11-25 03:12:48
1gyv6lv,2,"even with hollowpoint expansive ammo the mutants just eat mags for days. just use the cheapest most plentiest ammo you have to save money.

Mutants should be high damage scary situations that make you panic as they can kill you quickly, they should not be bullet sponges, this makes the game feel more like fallout.",2024-11-25 02:23:28
1gyv6lv,2,"They just have to lower their HP. I don't see them as significantly harder then in the originals behavior wise, it's that it takes so much ammo to kill them that it's kind of absurd.",2024-11-25 03:03:31
1gyv6lv,2,"Highest diff just reduces your dmg while increasing enemy health. Thats like, how balancing was done 20 years ago lol.",2024-11-25 03:52:51
1gyv6lv,2,“The game was rushed”,2024-11-25 02:27:21
1gyv6lv,2,"True. Mutants in Stalker 2 feels like a hassle more than anything. Like in SoC it rewards me for killing mutants, but in HoC the devs just decide nah fuck the vet and turn mutants into a pure punishment for not running around fast enough.",2024-11-25 02:55:28
1gyv6lv,2,"The only mutants I don’t mind are flesh, I quite like that they’re a bit more menacing now, but all the others are way overtuned and just a slog to fight.",2024-11-25 03:04:41
1gyv6lv,2,"The Controller is just tragic. It's AI will try and slowly move away from you so all you need to do to kill it is run up to it and fill it full of buckshot, it doesn't even attack you.",2024-11-25 02:47:20
1gyv6lv,2,"Later in the game they become a lot easier to dispatch and your armor starts to shrug off their attacks.

Use higher caliber weapons.",2024-11-25 04:09:40
1gyv6lv,2,"Same here, no point in fighting mutants unless they are guarding some form of loot.",2024-11-25 04:23:11
1gyv6lv,2,Really seems the devs don’t want us to enjoy combat and put all our cool toys to use. Really never liked the whole upkeep and scarcity in video games. ,2024-11-25 02:41:40
1gyv6lv,2,"The thing that baffles me is that the game introduces a early ""bounty"" for mutants. The mission with nightingale has you kill mutants and collect ""Electronic collars"" which you turn in for money at the end of the quest. There is a quest from barkeep which also rewards a collar from a pseudo giant. They should have just make it so that mutants have a chance to drop these collars and that the player can turn in for some profit. 

Problem solved that mutants are not worth fighting.",2024-11-25 08:58:56
1gyv6lv,2,"""Fighting mutants? In this economy?""",2024-11-25 21:03:19
1gyv6lv,2,"I mean even in GAMMA you get get mutant parts to help offset the cost. Rare mutants are worth killing because their parts can be valuable. Mutants are literally a waste to fight,",2024-11-25 05:46:11
1gyv6lv,2,"A 100 times this. Run away from mutants, unless it's a quest objective. Because of the bugged alife, the mutants tend to forget and despawn very quickly.",2024-11-25 08:00:48
1gyv6lv,2,"See, with how broken the economy is I feel absolutely zero shame in using the money exploit. I would love to do it ""legit"" but I do not have the patience to deal with this stupid shit. It was NEVER this hard to earn and save money in the original trilogy. In CoP I could have 5 figures in my pockets before I even went to Yanov, and now I can barely hold onto 2 grand because it costs 1500 coupons just to repair your gun.",2024-11-25 11:49:49
1gyv6lv,2,Really seems the devs don’t want us to enjoy combat and put all our cool toys to use. Really never liked the whole upkeep and scarcity in video games. ,2024-11-25 02:41:49
1gyv6lv,2,"When I started the game I got assaulted by that bloodsucker, managed to kill it somehow.

I thought ""oh well A-Life being random I guess"", but nah, apparently that shit is scripted because everyone encountered it.

No idea what the devs were thinking, where is the natural progression?

Cordon in SoC could have a few bloodsucker spawn at night, but it was rare. 

First Zone in STALKER 2, I encountered like 7-8 in the first 5 hours, and usually in groups. I just started running away from them because there is literally negative reward in killing mutants in this game.",2024-11-25 06:23:53
1gyv6lv,2,"I don't think they're *that* bad, sure, the main dog could definitely be made a lot weaker.

But I whip my pistol out and John Wick-fu, the main dog will usually run and hide behind some object and howl to spawn in new clones. That's your opening to put some lead in it.

Admittedly two shots up close with a shotgun should at most be what it takes.

Personally I dislike the bloodsuckers far more. Way tankier, fast, invisible, annoying attack pattern and introduced in the game *way* too early.

Bloodsuckers are nothing but an utter chore.",2024-11-25 04:30:54
1gyv6lv,2,"Or when clearing the machine yard has a fucking dude in a exoskeleton spawn. And then he nerfed the reward from a mid tier helmet to fucking meds. 


Don't get me started on the 'rework' he proposed for the brain scorcher. ",2024-11-25 04:21:12
1gyv6lv,2,"Could be worse, could be Gunslinger mutants.",2024-11-25 04:46:10
1gyv6lv,2,"If you're talking about the underground one that I'm thinking about, I'm pretty sure the idea is to sneak past them since they're all visible until they detect you.",2024-11-25 05:48:28
1gyv6lv,2,"I just run away, past from every mutant now, it's not economically viable to kill them lol (and they'll despawn if you go far enough anyway)",2024-11-25 04:48:27
1gyv6lv,2,"This is not about being ""easy"" or ""hard"". Hard would mean that you need to calculate your playstyle, play carefully and when in a dangerous situation skillfully beat your enemies using their disadvantages etc.

This is basically ""you gotta find something to jump on and have 500-1000 bullets in your inventory and keep shooting lol good luck"".",2024-11-25 02:16:13
1gyv6lv,2,Dying more doesn't mean that the game is more difficult. Surviving this time and losing resources on healing/gunkeeping vs F5-F8 spam.,2024-11-25 09:43:23
1gyv6lv,2,"Oh yeah, my first instinct upon reaching that scripted event was to nope and fuck off as fast as I could, it seems that chimeras in this game are practically unkillable.",2024-11-25 02:54:29
1gyv6lv,2,This spawn and emission bs is scripted. Just run away from the chimaera.,2024-11-25 04:26:11
1gyv6lv,2,"They're all going to do it eventually, because it's a scripted event. D:",2024-11-25 09:53:40
1gyv6lv,2,"The problem is, once a new wave of clones spawn, I noticed that the original host now becomes a clone. So you can’t even use keen observation to your advantage, and that was the point when I realized how bullshit psy dogs are.",2024-11-25 02:43:51
1gyv6lv,2,"You can stand on top of the crates and shipping containers. The real psydog will be the one furthest away from you standing still. It's a terrible fight though, I killed it with about 4 slugs left.",2024-11-25 02:50:11
1gyv6lv,2,"True but when 10 clone dogs are jumping at me hurting me, it’s pretty hard to pick out one specific dog",2024-11-26 09:30:47
1gyv6lv,2,"And while they are quite tanky like all the mutants are, I can down most of them fairly quickly with buckshot to the head at close range. Certainly tough to pull off and is frustrating while you figure it out, but once you do it a few times they are not so bad.",2024-11-25 02:35:51
1gyv6lv,2,I hate the rats more. They always come in huge numbers and their attack almost always bleeds me.,2024-11-25 09:08:46
1gyv6lv,2,I'm not sure if any living thing apart from maybe elephant sized ones without kevlar on it's face would survive point blank buckshot.,2024-11-25 19:55:37
1gyv6lv,2,"""Groks mutant health mod"" get this makes the game so much better",2024-11-25 05:51:46
1gyv6lv,2,"I too swapped down to rookie once I dealt with the mutant in the cave when you're grabbing the artifact for the one dude in the lesser zone.. Fucker didn't even flinch when he took a slug to his face, and 8 slugs later he was still just stealthing away and running up. I enjoy some difficulty and I'm cool with them doing a bit of damage, but I cannot stand bullet sponge enemies, so I just lowered it and I'm having a much better time.",2024-11-25 12:55:33
1gyv6lv,2,"hahahahahahahaha  
Agreed.  
I only play EFP before S2 and that is ANAL Rupture too. Still more enjoyable to play rn.",2024-11-26 01:23:58
1gyv6lv,2,"Chimera are actually fucked, I ran out of bullets (30+ buckshot rounds, near 100 5.56 rounds), ran out of grenades (5 F-1s), and got lucky when it got stuck outside a house with its head clipping through the wall so I could knife it to death (nearly 40 heavy swings on the head).

Controllers arent bad but their psi shit lasts for too long after you finish them off, have to leave the area so the fake ghosts stop running at you and taxing your medkits

Snorks, hamsters, and regular dogs feel the most balanced. Everything else has way too much health or too high of a stagger threshold",2024-11-25 10:26:28
1gyv6lv,2,"That's most probably a poltergeist. I don't think you needed to get to the ship, you could have gone around. But I also fell pray to the light and radio.",2024-11-25 07:08:34
1gyv6lv,2,yeah also makes energy drinks more useful,2024-11-25 07:33:40
1gyv6lv,2,At least this one is consistent on all platforms.  …. Laughs in PS4 release,2024-11-25 13:34:46
1gyv6lv,2,or hes just a player with a differing playstyle/mindset,2024-11-25 11:16:51
1gyv6lv,2,"I stepped back to rookie just because of it. Expanding ammo is supposedly better for them. I got to the town, and watched a video where someone took all their stuff and put it in the safe before setting the beacon the 3rd time so they could grab it after they get the bolts.. so I started over so I could have some better guns when I woke up and sell the rest
 Had 8k+coupons with 100% viper, akm-74u, and boom stick. I left off after that. Been cleaning house in prep for turkey day and haven't gotten back to it yet.",2024-11-25 03:59:30
1gyv6lv,2,"Play ""chat perché"". :)  
Just hop on a crate and blast the dog with 30-50 shots because the damage drop off is insane.",2024-11-25 06:09:42
1gyv6lv,2,Was it too spongey? I unloaded 2 5.56 mags into it to kill it and didn’t think anything of it,2024-11-25 16:16:25
1gyv6lv,2,"“StAlKeRs arE mOrE dAnGerOus tHan MuTanTs”
-the game’s loading screen tip",2024-11-25 03:02:29
1gyv6lv,2,I was so confused when I was playing a couple days ago and getting shot with no human enemy npcs  around. Turned out I was in the line of fire of friendly npcs while they were fighting mutants lmao,2024-11-25 02:57:00
1gyv6lv,2,I brought a blood sucker to town and the ppl OPENED UP killed me in the crossfire lol,2024-11-25 02:37:43
1gyv6lv,2,Sounds like u just gotta make some friends in stalker 2. :),2024-11-25 03:10:26
1gyv6lv,2,psy dog armor mtx when?,2024-11-25 04:51:44
1gyv6lv,2,Noah would be proud!,2024-11-25 05:21:30
1gyv6lv,2,"They suck in their current iteration, you *cannot* tell which one is real and the fake ones do a lot of damage",2024-11-25 08:36:02
1gyv6lv,2,"The zombies are fucking different bro, they are just as accurate as regular stalkers but tankier",2024-11-25 06:17:12
1gyv6lv,2,the grenades are best way to show you which is the alpha as you get a blood splatter spray. also good for clearing the rest of the clones while you hunt down the alpha.,2024-11-25 02:17:09
1gyv6lv,2,Yeah with how much the AI spam them yet haven't killed me,2024-11-25 02:41:28
1gyv6lv,2,"We need the ability to cook them, right now their fuse times are long enough that even a flesh has enough time to dodge it",2024-11-25 04:48:35
1gyv6lv,2,"So far I've only used the first type you find, which does specifically state it has a small blast radius. Idk how the pineapple version fare yet. Only found one so far.",2024-11-25 02:22:18
1gyv6lv,2,Only useful for killing rats and other small mutants.,2024-11-25 03:21:24
1gyv6lv,2,"When i was in the mission where you go into the Sphere, and came in the sewer section with all the mutant rats, i had used like 5 grenades, 3 of them did almost nothing.",2024-11-25 03:33:18
1gyv6lv,2,F1 grenades are great. RGD-5 is a concussive grenade,2024-11-25 03:53:19
1gyv6lv,2,Their radius is garbo too,2024-11-26 05:23:30
1gyv6lv,2,The first nade is indeed weak as the information states,2024-11-26 08:13:51
1gyv6lv,2,alternatively just stand on any of the boxes and shoot the one dog that isn't in the pack surrounding you trying to jump up,2024-11-25 02:47:18
1gyv6lv,2,Agreed about the jumping. I had a flesh jump \~5m at me. A glorified pig is jumping at me like a lion,2024-11-25 04:49:52
1gyv6lv,2,"I think the jumping rats and snorks are fine. The Bloodsuckers also aren't that bad late game when you get better shotguns.

But everything is way too tanky early game. It's almost like they don't have any kind of scaling between the zones and mutants are just made incredibly spongey to account for things like saiga shotguns later.",2024-11-25 04:27:43
1gyv6lv,2,yeah they should bring mutant parts that you can cook with some artifacts to get stronger artifacts or something. currently it is not rewarding ,2024-11-25 04:13:26
1gyv6lv,2,"Yeah i think that too. They kind of would have made a better job If they just copied enemies and their Combat stats from the old Games. All enemies, including humans, were better.",2024-11-25 06:14:39
1gyv6lv,2,"Not even mentioninig the dumbass AI where swarming enemies fight you till you kill them all, a certified Monthy Python moment. While in the 2007 game they retreat after getting low in numbers.

Fleshes are also tanky as pseudogiants lmao, and agressive af. I don't think they have a passive state at all like they are intended to, just another meatbag rushing you at all times.",2024-11-25 09:29:04
1gyv6lv,2,how did you survive it i cheesed the chimera but you cant hide from the emission even in that fishers hut,2024-11-25 02:32:57
1gyv6lv,2,"Been there today, just run bro. You even get a achievement if you outrun it, it seems to be the expected behavior to not fight the chimera  there",2024-11-25 02:53:43
1gyv6lv,2,Ive found 4 RPG missiles but nothing to fire them with and I'm in the swamp :(,2024-11-25 02:48:32
1gyv6lv,2,"\+ a lot of loot + 12kg key item you have to slog back + the next quest objective over a km away brings you to a location with *JUST* a technician and no stash/vendor. 

This sequence is already giving me pause when I think about replays",2024-11-25 09:43:28
1gyv6lv,2,It's scripted?? Here I am reloading a save and waiting around for the next emission so I have a better chance.,2024-11-25 13:00:20
1gyv6lv,2,Is the emission scripted too or am I just lucky?,2024-11-25 15:20:18
1gyv6lv,2,That emission costed me so much because the only place to hide was inside the base but I was far away killing the chimera. My guns and armor all were 0% durability and had to spend like 10 medkits to survive that. They really need to fix emissions so more places are considered shelters.,2024-11-25 03:10:52
1gyv6lv,2,Apparently AP ammo is better against mutants because they have a load of armor instead of just high HP pools,2024-11-25 02:32:05
1gyv6lv,2,"I watched 12 NPCs at Malachite unload their guns including PKMs into a Chimera. Took them 22 minutes to kill it with me helping. How the fuck was I supposed to kill it during the fight it came from, while alone and low on ammo.",2024-11-25 14:19:36
1gyv6lv,2,"It’s definitely the fact that they gave them a beefy armor stat for some reason. So the health pools are larger, but more importantly your normal ammo just does a fraction of what it should be doing against typical targets",2024-11-25 03:40:18
1gyv6lv,2,"I'm *extremely* bummed about this, especially after the developers announced pre-launch that difficulty balancing in *STALKER 2* would mainly revolve around resource scarcity. Yet my stash is filled to the brim with hundreds of rounds of ammo (after \~25-30 hours of playtime), of which I have to expend a significant amount to kill a single bloodsucker or a group of boars/fleshes.

Cut all mutants' health in half and cut the amount of ammo found in stashes and on corpses in half – and voilà, mutant combat now feels a lot less frustrating and scrouncing up ammo actually becomes a survival concern.",2024-11-25 20:14:31
1gyv6lv,2,"Health of mutants is literally a couple config lines. I get the game had dev constraints but some very basic choices seem baffling.

In the chimera arena fight on max difficulty,  if you don't land every single 556shot, and i do mean EVERY SHOT, you won't kill it. It dies on the very last shot",2024-11-25 03:33:39
1gyv6lv,2,"Tbh the ones got screwed the most are the new players, we vet at least know what some enemies could do. Those new stalkers walk in blind are on a nasty ride without knowing it",2024-11-25 05:30:16
1gyv6lv,2,"It really didn’t reward you that much in SoC. You had a 1-5 chance of getting anything from a mutant and most of the parts/quests were barely worth it, not that there was anything worth spending money on anyway. Honestly mutants were way too easy in the original trilogy. I used my knife for most of them just to save on ammo since my computer at the time lagged so badly.",2024-11-25 07:33:31
1gyv6lv,2,"they're supposed to be pathetic though

even Skif mocks a guy for being scared of a couple of Fleshes",2024-11-25 09:36:28
1gyv6lv,2,"it is funny how this was the #1 most terrifying mutant in the first games (to me, at least) but in S2 i actually have more trouble with a pack of dogs",2024-11-25 02:59:26
1gyv6lv,2,"Thats not new, that's always been the Controller AI, even back in SoC. Charge them down and stab them.",2024-11-25 03:00:50
1gyv6lv,2,"Well he do attack you with psy strike, and surrounded by zombies who also shoot you. Even in first STALKER controller wasn’t a big problem.",2024-11-25 02:58:22
1gyv6lv,2,"I love to upkeep my weapons but would rather do it myself with cleaning kits, repair kits and sparte parts like in Misery mod.

Not spend my kidney to have it cleaned by technicans.",2024-11-25 02:50:41
1gyv6lv,2,They should’ve done it like Into the Radius where you can maintain your guns in the field but you need to carry the items and it leaves you vulnerable to stop and do. Like honestly if you’re going to make an ak break after a few magazines I should at least be able to maintain it if I can find a safe place to do so.,2024-11-25 03:36:10
1gyv6lv,2,"I mean upkeep and scarcity is a cornerstone of the apocalyptic genre in general, the problem is that in pretty much every other game you're rewarded for expending these resources lol. Psydogs are too strong for such little reward when you can just loo the area and run",2024-11-25 07:08:58
1gyv6lv,2,I think the intention was to make it harder for the player to just steamroll through the game which I appreciate in theory. However the implementation of this in HoC is absolutely terrible; it makes me feel like I'm playing Misery or Anomaly.,2024-11-25 11:50:53
1gyv6lv,2,"I personally hate bloodsuckers way less than pseudodogs. Bloodsuckers are tanky and agressive af, but at least it's somewhat fun to dodge them and shoot. Pseudodoggie illusion spam is just obnoxious.",2024-11-25 09:38:55
1gyv6lv,2,The machine yard mission is fucking impossible early game.,2024-11-25 04:34:14
1gyv6lv,2,Yeah that was a bitch,2024-11-25 04:50:41
1gyv6lv,2,"I will admit, I blinked at the rewards and had to do an internal headcount on how many .357 rounds I'd spent to get given trash",2024-11-25 04:55:57
1gyv6lv,2,"i've never understood why people take his word as gospel

it's been pretty funny seeing gamma stans complain about 'unfun' mechanics",2024-11-25 11:11:48
1gyv6lv,2,"Yeah, Gunslinger Burers were annoying as all hell.",2024-11-25 07:52:34
1gyv6lv,2,"Gunslinger on top of misery mod, actually impossible experience.",2024-11-25 14:44:43
1gyv6lv,2,"Jeah the 3 in the first room are sleeping, you stand directly infront of them and they dont notice. Also you get absolutely NOTHING for killing them. Theres no worthwhile loot.",2024-11-25 17:20:40
1gyv6lv,2,The Ubisoft concept of demanding gameplay,2024-11-25 02:25:05
1gyv6lv,2,"I got lucky with the chimera in the arena, it glitched and stood still so I could just shoot it without missing a shot. It took exactly 180 rounds from the GP 37 to kill it, and they only give you 240. So beyond having to dodge that bastard for quite a while and survive with limited healing items you need at least 75% accuracy to win the fight, which is just flatly absurd.",2024-11-25 04:24:47
1gyv6lv,2,i cheesed it to get stuck in the door of one of the fishing huts. it took 30 buckshots to the face,2024-11-25 02:59:05
1gyv6lv,2,it's also the speed with which the clones spawn. in the first games if you did a good job killing the clones quickly they would stay cleared out for a bit giving you a chance to hunt down the original. in S2 it seems functionally impossible to actually clear the clones at any point.,2024-11-25 03:01:59
1gyv6lv,2,Yeah I too feel like they shouldn't switch positions with a clone upon spawning new clones.,2024-11-25 03:10:14
1gyv6lv,2,"People are sleeping on the revolver. With expansive rounds you can one shot a psydog, 3 shot a blood sucker/controller. Poltergeists go down in less than 6 shots. It’s my main mutant killer. I barely use my shotgun.",2024-11-25 03:49:46
1gyv6lv,2,"I just ran into my first chimera, and you're absolutely right. Chimeras leap at you like lurkers now, and knock you down, then smack you until you get up which kills you outright unless you have really high physical protection. I have a bulat with all the physical protection upgrades and I barely survive getting knocked over by them by the time i regain control.

Like who the fuck balanced these? I feel like a lot of players new to stalker are going to quit when they have to kill a chimera, it's actually that bad. 

Controllers seem about the same as in previous games, they just move around more after attacking so you cant bait them to attack repeatedly and step back into cyber immediately to avoid it and then damage pump like in the originals, I had no issue taking them out.",2024-11-27 00:26:17
1gyv6lv,2,Lmao yea. I think these tips are written by Lex the legend hahahaha,2024-11-25 03:12:20
1gyv6lv,2,"They are, but for your fps",2024-11-25 03:20:37
1gyv6lv,2,Bruh i healed a stalker and his group immediately started shooting me 😭😭😭😭,2024-11-25 05:24:58
1gyv6lv,2,Lol no I watched a group of little rats gobble up a whole wearhouse full of guys,2024-11-25 06:16:02
1gyv6lv,2,I was getting mad cuz I couldn't figure out why I was always hurting when using the other npcs as meat shields and free bullets.,2024-11-25 03:29:57
1gyv6lv,2,No that was just because you bought a bloodsucker to town,2024-11-25 03:03:20
1gyv6lv,2,To be fair I would also shoot the man who brought a bloodsucker into town,2024-11-25 09:29:04
1gyv6lv,2,"And it spawns like 15 illusions at once, way more than previous games.",2024-11-25 12:05:45
1gyv6lv,2,You are meant to one tap them in the head. None of the zombies wear helmets so any hit to the head instakills them,2024-11-25 12:57:28
1gyv6lv,2,"So, idk how the ""alpha"" actually works. Because Ive had the ""alpha"" spawn literally right next to me as if it was a clone.",2024-11-25 03:44:31
1gyv6lv,2,NPCS are OP with nades. These guys can play in MLB,2024-11-25 03:03:50
1gyv6lv,2,"The real danger of the grenades is that if you're too close to the blast the game forces you into the drunk slow-mo mode for the next 10 seconds during which the enemies can drop you freely. It's the most annoying effect in the game and wish somebody modded it out entirely. If it feels too easy afterwards just up the damage, I'd rather just die directly than have to deal with that BS.",2024-11-25 04:02:33
1gyv6lv,2,"I would imagine the reason we don't have it is down to the whole fact that gaming has hyped up the whole cooking of grenades when, in reality, it's actually a pretty dangerous thing to be doing because of the unpredictable timings of fuses. Some grenades I've seen in the real world, thrown normally, have exploded mid-air just a second after being thrown, so it's really not something that's taught to be done.",2024-11-25 05:42:17
1gyv6lv,2,Pineapple has a much better kill radius. Not sure on numbers but it's noticeable. Way better nade. There is also a mod for nades on nexus if your on pc which ups the damage radius and bleed effect both for enemies and the player.,2024-11-25 03:12:43
1gyv6lv,2,"Hu? Whenever I stand on boxes, all the psydogs holos as well as regular dogs run away and hide. Unless I put a foot on the ground, then they magically know I am reachable again and all come storming at me.",2024-11-25 03:05:43
1gyv6lv,2,"When I did that, they all just scattered and ran all over the place and I couldn't tell which was which. I tried just culling the horde, but then it just summoned more.

I ended up just bullrushing and reloading until I got lucky.",2024-11-25 10:37:56
1gyv6lv,2,You run out of ammo,2024-11-25 03:11:20
1gyv6lv,2,"Flash is the new apex predator of the zone, tankier than boars, jumping better than snorks and there are at least 3 of them.",2024-11-25 06:16:28
1gyv6lv,2,"That’s the thing, there ISNT scaling, it’s as hard at the start as it is end game",2024-11-25 04:58:38
1gyv6lv,2,"Gotta leg it past the chimaera to the old Clear Sky bunker before it hits. Would be wonderful if the game told you that but like you I hid in several abandoned houses but they don't count as shelter. It actually made me worried if an unscripted emission hits at some point, there's very little cover in the game.

The whole swamp section is fucked because you ABSOLUTELY need to weigh as little as possible so you can dodge and run past anomalies/emissions/mutants but it's a long ass section between turning off those emitters and there's a lot to loot yet no traders/techs/personal locker. It's obvious the devs haven't played much because there's just straight up balance gaps in several missions.",2024-11-25 02:41:12
1gyv6lv,2,"Run past Chimera to cs Base, also funny i didnt meet Chimera at all and also emission starter when i was safe in cs Base so i dunno if its scripted",2024-11-25 02:37:36
1gyv6lv,2,There is an RPG in the building at the bottom of the swamp where you will end up going for the main mission that takes place in the swamp!,2024-11-25 02:59:49
1gyv6lv,2,"Emissions are mainly random unless there is a scripted one as part of a main story quest, like your first emission is scripted, that one in the swamp felt scripted as it triggered by the time the chimera was spawned.

I reloaded a save and the emission kept coming, then i reloaded an older save to get out of that area faster and the emission still happened, but I was closer to a shelter and nearly out of the swamp by the time it hit.",2024-11-26 02:29:37
1gyv6lv,2,This is dumb if true for most of the mutants.,2024-11-25 02:41:52
1gyv6lv,2,This is dumb if true for most of the mutants.,2024-11-25 02:42:00
1gyv6lv,2,"I don't want to spoil anything but there is a ""controlled"" chimera fight you get to be a part of and you're given a aks74u and like 180 rounds of ammo, it takes a good 2 minutes to dispense that ammo into the chimera, if you panic and miss so much as half a magazine you won't have enough ammo to kill the chimera, you have to go in for a knife kill at that point as you have no other ammo or weapons.

They are incredibly bullet spongey its ridiculous but one saving grace is if you hop on a box on a box or something that is about a meter off the ground the chimera won't pounce on you. so if you can find anywhere to jump up, try and do so and if you're lucky the chimera ai will freeze as it tries to hide in ambush cover.

Mutants need reworking as they shouldnt be like this.",2024-11-25 15:04:39
1gyv6lv,2,"I feel this should be true for the pseudigiant, boar, and maybe the chimera (no idea about the new deer mutant that's apparently in the game).

For all other mutants, a high armor class doesn't make sense to me logically, nor is it a good way to balance them in my opinion. Just give them more health if needed so they can be taken out with a reasonable amount of regular bullets.",2024-11-25 20:11:51
1gyv6lv,2,"I feel like they don't have level scaling in the game yet, so if they made them too squishy they become a joke late game. I think they instead went with them being brutal early game and a bit of a joke but not a total joke late game.

Once you get the later shotguns, most of these mutants are a cake walk.",2024-11-25 04:32:40
1gyv6lv,2,Yeah but even a 20% chance to get some money back helps with ammo or repair costs. There's zero incentive to even fight a mutant,2024-11-25 11:39:40
1gyv6lv,2,"Most problems Iv seen people talk about and say the older games do it better seem to be mixing the older games with gamma, like making money is probably the best example with mutant parts",2024-11-25 18:43:41
1gyv6lv,2,They stop being terrifying even in the first game once you learn they can’t do shit up close 🤣,2024-11-25 05:31:32
1gyv6lv,2,"Into the Radius (Roadside Picnic/Stalker inspired VR Game) actually has a system where you clean your guns with WD40 and a cleaning rod to ""repair"" them. You could also pay to have them repaired but the cleaning utensils are really cheap (basically free compared to the repair costs) and its kinda relaxing to clean your guns after a mission.",2024-11-25 03:31:23
1gyv6lv,2,"Yesh they need to add various levels of cleaning kits. 5%,10%,25% kits would be great. Make em expensive but make them findable.",2024-11-25 03:29:45
1gyv6lv,2,No Fuck that mechanic to the seventh layer of hell. That shit is NOT FUN. I removed that from gamma the first chance I got.,2024-11-25 06:54:12
1gyv6lv,2,No stalker game has ever let you maintain your own weapons,2024-11-25 13:07:19
1gyv6lv,2,"Whilst I agree with the others saying they were introduced too early, I'm glad they've amped Bloodsuckers up. They've turned the dial to 11 on them, and they can be a pain in the ass (especially paired up) but I feel as if they were almost *too* weak in the OG's - maybe? I'm not saying this as a Stalker vet by the way, I've been following the franchise since around 2012, and only got the opportunity to play the Trilogy when they came to console this year. I felt somewhat underwhelmed by how easily I was able to take on Bloodsuckers though - even on higher difficulties. Same with Burers, who really shit the life out of me in the current title. 

My main gripe with them is that they don't have a damage threshold. In CoP (I believe?) they'll get weaker throughout the fight, clutch their chest and their invisibility gets stunted due to their injuries. Now they're just tanks the entire time. This mechanic also felt more immersive, because it treated them as realistic predators that will eventually succumb to a fight, rather than tanky-death-creatures that both Fallout and Metro had.",2024-11-25 12:36:08
1gyv6lv,2,"I gotta be real I turn the ""No buying guns"" thing off every time and it's *still a huge bitch with an SKS with a scope.* I eventually returned to my ""charge in with a Cowboy Repeater and just cowabunga the Ukrainian Military"" tactics.",2024-11-25 04:55:06
1gyv6lv,2,"Yeah, especially given how fucked the progression of GAMMA is, especially when it comes to repairing suits and weapons, hope you're ready to search stashes and pray to rnjesus for them toolkits.",2024-11-25 11:38:52
1gyv6lv,2,Yeah reminds me of The Division,2024-11-25 02:29:26
1gyv6lv,2,This info is greatly appreciated. Looks like I'm saving the arena for one of those days I wake up and decide I hate myself.,2024-11-25 04:42:37
1gyv6lv,2,"Wait, for real? I was looking forward to the arena, but that just sounds unfun.",2024-11-25 08:22:59
1gyv6lv,2,Lucky. I got stuck in the swamp while running and managed to pump some 120 rounds of 5.45 AP into its head before it killed me.,2024-11-25 03:00:30
1gyv6lv,2,I hate lex the legend. But atleast i got my revenge,2024-11-25 15:24:06
1gyv6lv,2,"why would you heal a loot box? my reps gonna be so bad, I do missions for the credits then put a bullet in their skull for my shit back.",2024-11-25 06:58:03
1gyv6lv,2,"I healed a stalker I had to shoot mission wise directly afterwards. I feel terrible, man!",2024-11-25 07:57:15
1gyv6lv,2,"I think I know what place you're talking about.

That guy was a stalker, the other guys were bandits who were torturing him for his stash location or something, its a mini quest where they ask you to go inside and get the thing for them.

  
But faction readability is pretty bad here. Half the time I shoot mercs by accident cause they wear almost exactly the same outfit as >!monolith !<and spark and freedom colors and outfits are pretty similar as well.",2024-11-25 09:19:04
1gyv6lv,2,"It's been a few months since I played vanilla, so I honestly can't remember if getting shot by friendly npcs was a thing but it is pretty annoying",2024-11-25 03:32:10
1gyv6lv,2,A-Life 2.0 working confirmed. 👌🏻,2024-11-25 04:35:18
1gyv6lv,2,"Shooting the guy who brings a bloodsucker into town saves bullets in the long run, they weren't even angry just frugal",2024-11-25 04:42:31
1gyv6lv,2,Don't take your bloodsucker to town Bill.,2024-11-25 06:24:20
1gyv6lv,2,"they can swap places with their clones

so they're like the cup game a little bit, but where the ball can be moved after a cup is lifted 

you shoot at the dogs until you find the right ""cup"" shoot it, and it swaps positions and resets to try attacking again

the plus is that the psy-dog gets out of harm's way

the downside is that the psy-dog is forced to stop attacking and regroup each time

it does not make them much easier or more engaging to fight in it's current state, but it's a cool idea imo",2024-11-25 04:15:00
1gyv6lv,2,"NPCs: 


Infinite grenades raining down 


2% durability shotgun with buckshot sniping from 150m away for half your health 


 NPCs when they're being looted:
  1 bread",2024-11-25 03:59:18
1gyv6lv,2,The sound effect of a grenade landing near you is pure perfection tho. Like their foley artist must've made a pact with an elder god or something to get an effect that good.,2024-11-25 04:22:45
1gyv6lv,2,Yeah it's like the fucking scavs moved here from Tarkov,2024-11-25 04:07:46
1gyv6lv,2,Couldnt disagree more. That shit is so cinematic and it makes firefights so much more fun.,2024-11-25 04:14:38
1gyv6lv,2,"""a grenade went off near me, I shouldn't be concussed""",2024-11-25 07:39:06
1gyv6lv,2,I imagine IRL you’re shitting your pants as soon as you pull the pin and want to get it away from you as quickly as possible.,2024-11-25 12:08:47
1gyv6lv,2,That hide mechanic is the dumbest shit I have ever seen. Just fought the psuedo cat thing and would just watch the 15 clones go and find their own little hiding places when I was in an unreachable spot. AI for humans is too dumb and the AI for mutants is too smart lol,2024-11-25 03:53:06
1gyv6lv,2,"Jesus, that first fight with flesh right at the beginning.

Me: ""oh nice they gave something easy for new players to familiarize themselves with guns and walking""

Flesh: YEET

What the fuck, pigs can fly?!",2024-11-25 11:05:16
1gyv6lv,2,I meant more so between the zones. You would think they would have some kind of scaling between the lesser zone and the more advanced zones but they don't really. Bloodsuckers just seem to spawn when the game feels like it lol,2024-11-25 05:53:04
1gyv6lv,2,nah the later game guns for some reason do a lot more damage apparently...,2024-11-25 07:49:05
1gyv6lv,2,">you ABSOLUTELY need to weigh as little as possible so you can dodge and run past anomalies/emissions/mutants but it's a long ass section

one of the things i love about the gamma modpack is the ability to use a quick release strap to drop your backpack and bolt away to safety with just a keybind... saved my ass quite a few times in empty areas while an emission hit. retrieve packpack afterwards and move on. in S2 or the originals... that's ehm... a bit more difficult haha.",2024-11-25 03:09:18
1gyv6lv,2,">but it's a long ass section between turning off those emitters and there's a lot to loot yet no traders/techs/personal locker. It's obvious the devs haven't played much because there's just straight up balance gaps in several missions.

can confirm, got softlocked with little to no heals and about... 20 rounds of ammo in my guns, total. told my experience on reddit and some smart asses said it was a skill issue.... ended up having to reload a old save, go buy ammo and meds, then went to finish it easily.",2024-11-25 03:28:46
1gyv6lv,2,Yeah dude that section had all my gear broken with me running out of ammo. That section was probably the worst in the game. Dealing with swamps plus mutants is awful. Not to mention I didn't have enough ammo for a psy dog and I had to run all the way to another emitter and that fucker followed me the whole way through no matter how fast I ran.,2024-11-25 08:59:49
1gyv6lv,2,"It's scripted. Honestly a simple 5 second dialogue over radio ""yo skif you gotta leg it to CS marker pronto, emission inbound"" would inform the player that they should go there vs scramble to find some shack to hide in.",2024-11-25 02:59:50
1gyv6lv,2,man ill have to abandon my shit to run past the chimera :(((,2024-11-25 02:38:26
1gyv6lv,2,"it is a scripted event, the majority of people have not experienced it how you did. Most people get the emission and chimera basically right at the shack and will just barely have time to make it to the bunker.",2024-11-25 02:59:10
1gyv6lv,2,"Definitely scripted, I was a dumbass and thought I was unlucky so I hauled ass back to sultansk to sleep through the emission, only for it to start up again when I got back to the chimera",2024-11-25 09:45:31
1gyv6lv,2,yeah gl having the capacity to carry that after the game burdens you with a 12kg undropable quest item :(,2024-11-25 07:59:16
1gyv6lv,2,Thank the zone!,2024-11-25 03:00:25
1gyv6lv,2,It’s true. The game itself says the AP rounds are good for getting through armor and “tough hides like on mutants”,2024-11-25 03:02:20
1gyv6lv,2,It is true. The bloodsucker doesn’t even have the most health in game it just has an INSANE damage resistance group (same with fleshes and poltergeist) it’s kinda stupid. Also ap ammo doesn’t do less damage than the other Ammo’s so there’s literally no point to not use it unless you’re worried about wear.,2024-11-25 02:54:08
1gyv6lv,2,"I did that fight with the box method. Fun fact, wild chimera and the one I'm talking about absolutely can pounce onto things. I learned it the terrifyingly hard way when during that fight I jumped on a destroyed van.",2024-11-25 15:07:48
1gyv6lv,2,They should have made the lesser mutants easier and had more of them in the early zones. Then show the more stronger mutants as you progressed Instead of having like 20 bloodfuckers in the lesser zone. In shadow of Chernobyl I don’t remember seeing one until like mid game.,2024-11-25 05:14:51
1gyv6lv,2,"There's never been level scaling in any S.T.A.LK.E.R. games and I really hope they never introduce it.

Instead of levels, areas essentially scale off of equipment. In the more dangerous areas you would find more stalkers equipped with top-tier weapons and armor like exoskeletons,  SEVA suits, GROZAs, AS VALs, G36s, etc.",2024-11-25 11:35:53
1gyv6lv,2,"there are a few of them that make it incredibly hard to get close to them, those are fucking scary.",2024-11-25 07:55:53
1gyv6lv,2,Totally but it still happens sometimes that they catch you out halfway across red forest with only skinny trees to hide behind and you can't find them/get to them before they brain fuck you three times,2024-11-25 09:20:40
1gyv6lv,2,"I loved ITR. It was almost therapeutic coming back after a long haul to light up a smoke, organize and stack my loot on the shelves, and clean my weapons. Then deciding which rifle I wanted to replace from my rack depending on what sort of mission I'd be running. Huge missed opportunity with no home base activities or storage display options.",2024-11-25 05:46:44
1gyv6lv,2,"It has a 2 tier repair system.

For minor wear, you just use toilet paper and a cleaning rod down the barrel, and these aren't recurring costs. Basically unlimited cleaning.

But once your weapon falls below a certain threshold, you need to use the WD40 and the brush. The WD40 is hella expensive early-mid game.

Feels cool to squat somewhere dilapidated and bring out the rod when the action dies down.",2024-11-25 09:41:24
1gyv6lv,2,"I'm actually very happy they don't have spare parts because I am so sick of crafting systems, I just wish it was cheaper to repair. Repair kits you could find would be fine though, I just don't want to have to gather a million gun parts. Having repair kits findable could then help make repairs affordable, and maybe have expensive repairs be the punishment for letting your gun get in that low of a condition.",2024-11-25 03:45:21
1gyv6lv,2,"S2 got much worse enemy implementation in general. S1 had proper swarming behavior, when some mutants like dogs and fleshes were attacking you only when high in numbers, and retreating after losing some. In S2 they are just generic torpedo enemies without any awareness.",2024-11-25 20:53:22
1gyv6lv,2,I just spawn in and advanced Clear Sky Squad with debug mode. It's actually fair that way.,2024-11-25 05:47:17
1gyv6lv,2,I quit the division 2 because I played during the peak times when enemy NPCs had no cooldown on the healing hive abilities so you’d genuinely need something absurd like 25-50k rounds of ammo to take down a single heavy. It was so laughably unbalanced when I first encountered it that I thought I triggered some sort of Easter egg fight ,2024-11-25 03:01:24
1gyv6lv,2,"How do I have my revenge? I went fot the legendary stuff and after finding out it was a scam, I returned to him but he was gone. Where is that СУКА???",2024-11-25 18:22:01
1gyv6lv,2,Bandit larp,2024-11-25 07:10:48
1gyv6lv,2,"Yeah, what a waste of medkit",2024-11-25 11:58:10
1gyv6lv,2,All outside of a little shack right??,2024-11-25 09:23:18
1gyv6lv,2,"It is in clear skies, dunno bout the other games.",2024-11-25 04:05:09
1gyv6lv,2,It definitely was in CoP,2024-11-25 04:36:14
1gyv6lv,2,They really need a 3x line of sight check to make sure you're not in the way (2 additional checks to account for weapon inaccuracy).,2024-11-25 05:52:50
1gyv6lv,2,"“Don’t worry. He doesn’t bite. He just suck”
( maybe bill is from freedom? )",2024-11-25 07:25:36
1gyv6lv,2,"I think it would be more engaging if it wasn't spawning 15 or so of them at a time and they didn't do as much damage. Or maybe if the spawn cooldown was increased.

Sometimes in small buildings with lots of corners it gets near impossible to find the original one without bleeding out from the constant bites/attacks in tight spaces.",2024-11-25 04:23:55
1gyv6lv,2,It's weird how I always kill the bandits when they're down to the last three or four rounds in their weapons. Sucks that I could have just waited a few seconds for them to run out and stabbed them to death instead of wasting my own ammo.,2024-11-25 05:03:11
1gyv6lv,2,"Yeah 
Me : fully upgraded AK , 300+ bullets , barely winning fights, dying 

Npc :  Rambo with AIMBOT , Artillery, Teleporting , literally wearing invisible suits. But when you loot them you find 3 candies, broken stick and few rocks",2024-11-25 04:03:38
1gyv6lv,2,"Fucking real

I was being heavily suppressed in a bandit firefight and flanked by a faraway sniper on a tower. After barely making it, and then finallh countering the sniper with a scoped AK, I climbed up to happily loot ""my first sniper"".

Fucker was using a TOZ34 with buckshot.......... I was literally halved hp and bleeding everytime he hit me bruh wut",2024-11-25 09:29:45
1gyv6lv,2,Boxes are where the loots at. I end up selling 50 drinks and 5kg of medkits every time I return to base.,2024-11-25 07:05:49
1gyv6lv,2,"The foley for the whole game is good. Say what you will about the game, but it looks and sounds immaculate.",2024-11-25 05:08:48
1gyv6lv,2,"Yeah, I literally shit my pants when I hear that grenade landing sound",2024-11-25 04:45:45
1gyv6lv,2,They have experience... considering there's a war on....,2024-11-25 08:58:39
1gyv6lv,2,"And realistic. If you're 5 ft from a grenade and live, your brain is gonna be pretty fucked up. 

I think it works for what it is",2024-11-25 07:05:36
1gyv6lv,2,"I like the hide mechanic, but I think it's a bit too quick.  

Like they all catch on immediately and all at once make a b-line for the nearest cover.  I'd like some more variety in how the mutants respond, right now it feels a bit too choreographed.",2024-11-25 05:51:34
1gyv6lv,2,"*could easily 1-tap headshot Flesh in og trilogy*

*mag-dump with Skif’s giga-pistol into Flesh’s face doesn’t kill in 2*

such is life in the zone",2024-11-26 04:41:50
1gyv6lv,2,"I mean, bloodsuckers ARE everywhere. I’ve gone to the cooling towers and I’ve yet to see more than a poltergeist. So in a since there is scaling, no zombies yet (if they’re in the game) no snorks or bururs yet. God forbid something…. New.

So it somewhat is scaled",2024-11-25 05:56:33
1gyv6lv,2,"Can you name any other such cool mods from Gamma? Having my own curated modlist for Anomaly to avoid the Gamma bloat, but some of its mods are top-notch when cherrypicked.",2024-11-25 09:36:16
1gyv6lv,2,hands down this is the worst video game mission i ever played,2024-11-25 02:40:14
1gyv6lv,2,"not sure if it's too late to mention now, but as someone else loaded with loot I didn't want to drop, I successfully snuck around the chimera hugging the east side right by the water's edge.",2024-11-25 09:13:23
1gyv6lv,2,">unless you’re worried about wear.  

Has anyone figured out how much more wear they cause? That's pretty much the reason I'm still using standard ammo. The repair costs are eating holes in my wallet as is.",2024-11-25 03:02:04
1gyv6lv,2,imho still stupid that wear differs per round type as well... AP rounds IRL don't carry a higher grain count causing any more fouling nor are they any more abrasive to the barrel compared to regular or hollow tip rounds... it's a design and material difference meant for a different type of target is all...,2024-11-25 03:00:25
1gyv6lv,2,"In the first game I think you could find them as early as Cordon if it was nighttime.  They were few and far between though and didn’t spawn in every couple of  minutes like 2 likes to do lol.  

They also weren’t as spongy, like good lord all the mutants here tank hits like no other.  They also move around much quicker now, making them harder to hit.  I literally just run away from most mutant fights at this point.",2024-11-25 05:21:16
1gyv6lv,2,ITR2 is currently in early access and has Coop. You can Play checkers in the Base :D,2024-11-25 06:21:49
1gyv6lv,2,"Yeah I'm not thinking a system like gamma or anomaly. That one has dozens of different repair parts and things you need for specific weapons. I think just a general repair kit for weapons with different levels to it, and a sewing kit for repairing armor. I would like bigger loot tables as well with more random stuff to sell or use. It'll get there. Either with gsc or mods. As of right now I can't stop playing it anyway so I'm hooked.",2024-11-25 03:47:52
1gyv6lv,2,"See the ironic thing is, a clear sky squad *did* move out, but halfway there we got hit with a pack of five dogs, four zombies, and a pseudo-dog. I had to march my ass back to base to grab Yaudlin, and they marched into the jaws of death without killing a single soldier",2024-11-25 05:51:47
1gyv6lv,2,You will see soon enough my friend Lex the Legend will not see you coming.,2024-11-25 21:24:59
1gyv6lv,2,What happens in the zone stays in the zone.,2024-11-25 07:27:22
1gyv6lv,2,"It's okay, they grow on trees like stimpacks. I'm always drowning in meds",2024-11-25 12:53:57
1gyv6lv,2,Honestly maybe I should go back and replay the trilogy. My (god knows how many) hours in Anomaly are definitely starting to blend with my time playing the trilogy lmao,2024-11-25 04:48:22
1gyv6lv,2,You could probably do that if you didn’t run out of stamina after three swipes with the knife. Thats something I haven’t heard people complain about so far,2024-11-25 10:35:54
1gyv6lv,2,"Do not forget, that little firefight you had with that bandit is gunna cost you about 49,000 coupons in repairs. Maybe you can sell the one bread you got from him... ",2024-11-25 04:05:10
1gyv6lv,2,My go to is the grenades. It’s like 120 a pop for the RGD-5 ones,2024-11-25 10:37:12
1gyv6lv,2,"Ive flinched so many times thinking some guy was behind me, only to realize I accidentally kicked a can while walking. Its so good.",2024-11-25 13:18:52
1gyv6lv,2,"I think it's fair too. When a nade blows up near the enemy, they get knocked down too",2024-11-25 09:31:49
1gyv6lv,2,"Having them come out every now and then to see if you’re still unreachable, or running from cover to cover trying to find an opening would be MUCH better i think",2024-11-25 06:29:41
1gyv6lv,2,"I won't spoil anything for you but there is more, but it'll take a bit of time before you start seeing them and I don't think all of them will spawn until you've gone far enough in the story",2024-11-25 06:05:05
1gyv6lv,2,"Trust me bro.. im still early on and have not actually seen Snorks, Burers, or anything beyond bloodsuckers, dogs, boars, flesh and rats. 

But i found a weird facility entrance in Cordon that when i walked in it started rumbling like i had awakened a slumbering eldritch horror.. my hunting shotgun was ripped from my hands and the game crashed..

Pretty sure i was just *utterly* destroyed by a Burer hard enough to crash my game on Xbox.. lol",2024-11-25 07:23:52
1gyv6lv,2,"I wouldn't be able to tell you many specifics since i don't know which mods are from where exactly. I just play.  
if it even is a separate mod or came with something else in a package i wouldn't be able to say.   
One other thing gamma has is you can activate a mod to enable foliage for the ai so the npc's don't spot you through everything from miles away. 
I love using that mod since it feels more fair and allows stealth especially if you tweak the ai a bit to compensate for some shortcomings this introduces. its still brutal even if you don't tbh as they'll still go after you.  Opinions on that one in general are mixed though.
  
I think the nightvision stuff from gamma where its actually a more proper looking goggles/monocular overlay (blue and green) leaving the edges the natural dark environment are great. Same for the look of various scopes.  Though i think some of that is base anomaly? Gamma has a lot of small quality of life/immersion/detail stuff and a lot is chopped up too.  
  
I'd say just find the full (active) modlist somewhere, either by installing gamma itself (no need to actually play) and cheery pick the modmanager or some list from the discord or so maybe and see if anything in there is to your liking.   
  
There's about 450 entries and more that go unused... I know maybe a few by name. The quick release one is just that much of a nice thing it is really memorable one to me haha.",2024-11-25 10:14:36
1gyv6lv,2,oh that's nothing compared to some of the end-game quests,2024-11-25 05:49:54
1gyv6lv,2,"The entire economy needs reworked but mostly the repair costs. It’s insane how expensive it is and it kinda pisses me off there’s nothing we can personally do to maintain them. Like honestly, why would you not know how to maintain a gun when it literally keeps you alive? We should be able to break down weapons for parts or something, give those busted weapons a use.",2024-11-25 03:26:01
1gyv6lv,2,"I do the full price exploit on artifacts to make up for this unfortunately, but on veteran the AP ammo definitely eats through guns pretty fast",2024-11-25 03:24:14
1gyv6lv,2,Really? I always thought irl a lot of AP rounds came out the chamber hotter/have higher pressure causing more wear alongside a tungsten core or whatever penetrator they use.,2024-11-25 03:44:24
1gyv6lv,2,"I remember in SoC I didn't run into them until Yantar and Clear Sky did have one in the swamp for that scripted mission.

I dunno wtf GSC was thinking making them A: Prolific B: In Starter Areas and C: Tankier than a Pseudogiant in the original trilogy.

Any one of those would be pretty bad, but all 3? I dunno wtf they were smoking, it takes all tension away. No, pumping 50 shells into one does not directly increase tension, especially when its back-to-back-to-back-to-back. They took one of the best known mutants from the series and turned them into an annoying progression roadblock. NOBODY I've seen enjoys this, so who at GSC did!?",2024-11-25 05:37:11
1gyv6lv,2,"Yeah, certain remote spots in Cordon could spawn a bloodsucker, I think they could even spawn during the daytime but I'm not 100% on that. They were very rare though as you said.

You're also 100% correct that all of these mutants are too tanky; a flesh shouldn't be able to face-tank four point-blank shotgun blasts for fuck sake. I liked how in the original trilogy, bloodsuckers still posed a threat but you could get good at fighting them, and if you could successfully locate them, mag-dumping would kill them very quickly.

They're supposed to be ambush predators not fucking tanks.

It also doesn't help that Veteran reduces your weapon damage to 75% (or at least so I've been told) whereas in the original trilogy, Master difficulty just removed your bonuses and you did 100% damage. (This was only in SoC, in CS and CoP you did 100% weapons damage regardless of difficulty.)",2024-11-25 11:41:25
1gyv6lv,2,"Except for syphilis, that shit lasts longer. Last time I met a freedomer coming back from bloodsucker village, he told me about his suffering…",2024-11-25 15:09:34
1gyv6lv,2,"I got repair lowered cost mod, i gave like 20+k to repair my suit last night, repair just cost too much",2024-11-25 05:22:53
1gyv6lv,2,"Yeah, the worst part of that, is that they literally always know if they can reach you or not. So they are fucking hiding all the time while you are on top of a box. But damn man you try to get on the ground. Those bitches immediately will rush at you, all of them, simultaneously.",2024-11-25 06:47:47
1gyv6lv,2,what if i kill myself,2024-11-25 05:57:45
1gyv6lv,2,"Imo the most egregious part is that Skif's pistol's description says he was in the army, there is absolutely no way he doesn't know how to at least maintain an AK platform.",2024-11-25 04:42:24
1gyv6lv,2,Devs said they are making a patch to not take upgrades into account for repair costs (which is good because that is over half of what your repair cost comes from when fully upgraded),2024-11-25 13:03:34
1gyv6lv,2,I'm looking forward to the GAMMA or Anomaly folks when they get their inevitable mods complete and ready to roll. Will it be annoying getting one shot by a blood sucker at the start of the campaign (if they don't do a skip like in Anomaly?) yes. But at least I could do routine maintenance on my AK and actually modify it tarkov style.,2024-11-25 06:51:48
1gyv6lv,2,I believe selling is glitched currently to give you less then it's supposed to. If you right click something thats in the sell box and click off it will update to what it's actually supposed to sell for. Stuff originally selling for 10k total went up to like 45k. The economy makes much more sense after that is fixed.,2024-11-25 05:25:19
1gyv6lv,2,"You literally have to exploit a bug in the game/code to get money from selling things, because the sell price calculator is fucked. Don't forget that.",2024-11-25 09:11:45
1gyv6lv,2,"I mean irl you can easily shoot like 5000 rounds from a single handgun while cleaning relatively regularly and you wont need to get it to a gunsmith to fix it afterwards, realism wise youre literally paying more than the gun is worth to have a guy clean it for you instead of doing it yourself.


Could it be explained with guns on the zone being shitty and requiring you to actually switch parts every 300 rounds? I guess but you have aks in the game, the guns famous for their ability to withstand harsh conditions and still work so im not really buying it.",2024-11-25 04:16:07
1gyv6lv,2,"Depends on how AP is achieved. The most common way is to increase bullet velocity. So it will create more pressure in the barrel and wear it quicker.

If it is by material or else, difference in wear won't be significant.",2024-11-25 04:16:54
1gyv6lv,2,"a lot of AP rounds are a material and (internal) shape changes to avoid extra heat and pressure.

yes, some AP rounds like the M855A1 EPR also have higher pressures due to changed propellant used to achieve higher velocities.  
however, the only reason for say the m4/m4a1 platform that used this round getting damaged more quickly is simply because that gun platform was not built for that round, and damage was mostly due to magazine and cycle rate issues too causing component failure like cracked bolts and feeder damage.  
the m4/m4a1 was meant to only use the weaker standard M855, so using the higher power round was indeed causing it to wear out quicker by literally shaking itself apart violently.  
many/most m4's using this more powerful round not even reaching the 6k round mark in endurance tests (link to a source in another comment i placed in this thread here).

That said, most other guns that do have this type of round in mind or similar higher pressure style AP performance are built to those specifications and don't suffer anywhere near that same wear at all if any extra wear. able to shoot well past such endurance tests up to 10k+ rounds. a lot of handguns equally shoot well past 5k rounds if maintained and cleaned regularly with some lube and cleaning before anything major is needed.

as such i always find such excessive wear and tear kinda funny in games. one could argue mud and yeah sure. though i expect any stalker to at least run some water over the damn thing or use an old sock or even a wet newspaper to rub such dirt off and out, that's just simple maintenance anyone can do in the field. many guns also handle (some) mud and grime better then you'd expect.

What is interesting though if true as some other users said; is that the zone itself apparently degrades weapons and such faster. that would make some sense as to why so excessive, though i'd love to hear that ingame right now from a mechanic or hear it said in one of the older games before i accept that as canon. i know the zone wreaks havoc on electronics and vehicles which is why we don't see that a lot. so it does sound plausible.",2024-11-26 04:15:39
1gyv6lv,2,"Yeah I’m not sure either.  My best guess is that the game just didn’t have a lot of time to go through playtesting.  

There seems to be many problems that were just straight up not an issue in the first game (only one I’ve played, not sure about about CS and Pripyat but I assume they’re very similar).  The company seems pretty open to fixing things though so I hope they can fine tune the game better.",2024-11-25 05:51:48
1gyv6lv,2,I compare their health to the chimera from CoP though they definitely aren't far off from what pseudogiants had.,2024-11-25 11:42:20
1gyv6lv,2,"Oddly enough, the bloodsuckers seem the least hidey. They regularly run right up to the table im sitting on, which honestly doesn’t really make sense. You’d think they’d be the most intelligent and know to hide out of sight, where the dogs would just charge at whatever prey they see",2024-11-25 11:06:48
1gyv6lv,2,"You might contemplate it, one of them in particular suuuuuuucks, only reason I’m not still stuck on it was because of a cheese strat, hiding behind doors from blood suckers is your best friend",2024-11-25 08:57:54
1gyv6lv,2,"there's a cutscene in the game of skif putting together an AK like he's done it 9000 times, there's 0 reason for not being able to maintain our guns",2024-11-25 05:43:14
1gyv6lv,2,"Maybe he's some kind of Reservist because he sure knows how to maintain his pistol for free. Best gun in the game, lmao.",2024-11-25 04:50:35
1gyv6lv,2,Funnier is that one of the loading screens says that you should know everything about your gun and be most familiar with it.... and yet you cant maintain it yourself.,2024-11-25 08:52:44
1gyv6lv,2,"I love it how Skif's pistol after you mod it, easily outmatches basically every other pistol in damage.",2024-11-25 11:16:00
1gyv6lv,2,"Don’t want to spoiler but Skif is given a disassembled AK and is forced to reassemble it back, and he does it effortlessly…so indeed he should have some level of basic maintenance knowledge",2024-11-25 10:33:51
1gyv6lv,2,"Good because that’s ridiculous. I got an upgraded ar416 as a reward and it was 14,000 bucks to repair it. Might as well have not even gotten the damn thing lol",2024-11-25 16:25:03
1gyv6lv,2,"Its not glitched, that's circumventing the economic modifier that the merchants give you. 
  
Merchants buy stuff at a fraction of the displayed value, always have.",2024-11-25 15:30:47
1gyv6lv,2,"I think I remember reading some throw-away lore from a random stalker I questioned in one of the games that claimed the Zone fucks with weapons and causes them to wear out faster.

Which if real, would track with the overall theme of the Zone generally wanting to kill your ass as quickly as possible.",2024-11-25 09:16:23
1gyv6lv,2,It really should be something you can do in the backpack. Maybe make us carry some consumables or something but it’s actually stupid that we can’t do it ourselves.,2024-11-25 16:30:31
1gyv6lv,2,From the way he acted he certainly is more than just a reservist lol,2024-11-25 05:28:27
1gyv6lv,2,If you use it enough it still costs money to repair actually,2024-11-25 07:50:14
1gyv6lv,2,"Also boy's just not willing to learn lol. Pay lens to teach you or something, damn.",2024-11-25 04:58:16
1gyv6lv,2,"""I'm not a (gun) mechanic! I better let them change the oil so I don't blow the (gun) engine up by accident."" -Skif Stalker, probably.",2024-11-25 09:03:35
1gtes1u,0,Grok-3,2024-11-17 23:31:51
1gtes1u,2,"Check out our new Discord server! https://discord.gg/e7EKRZq3dG


*I am a bot, and this action was performed automatically. Please [contact the moderators of this subreddit](/message/compose/?to=/r/mathmemes) if you have any questions or concerns.*",2024-11-17 23:31:53
1gtes1u,2,I have the feeling that training will be resumed,2024-11-17 23:48:10
1gtes1u,2,"So...

Proof = problem + AI",2024-11-17 23:51:13
1gtes1u,2,Nonsense hype,2024-11-17 23:39:54
1gtes1u,2,Now I see why most subreddits need the /s or /j...hundreds of people obliviously upvoting comments that take this seriously lmfao,2024-11-18 00:09:29
1gtes1u,2,They put r slash numberstheory in the training data.,2024-11-18 00:11:34
1gtes1u,2,"Some ai models are getting quite good at mathematical proof writing, but certainly not that good, and definitely not grok",2024-11-18 00:00:57
1gtes1u,2,How can a large language model purely based on work of humans create something that transcends human work? These models can only imitate what humans sound like and are defeated by questions like how many r's there are in the word strawberry.,2024-11-17 23:43:11
1gtes1u,2,"""Dear sender,

Having spent a few hours reviewing your suggested proof of the Riemann Zeta hypothesis, I've come to the conclusion that this is neither a proof nor is it correctly representing the hypothesis correctly.

I've come to believe you have submitted a 'proof' which you haven't fully reviewed yourself, and which was created using a large language model.

Please abstain from sending me more AI generated gibberish to 'review' in the future. 

Yours truly, 
Professor
Head of Mathematical Department
Some university, probably ""

And thats how you waste someone's time and burn bridges to academics.",2024-11-18 00:48:36
1gtes1u,2,ζ(s) = Σn=1∞(1/ns) + AI,2024-11-18 00:29:20
1gtes1u,2,"Grok is the twitter one right? Yeah, it didn't solve shit.",2024-11-18 02:28:57
1gtes1u,2,https://preview.redd.it/6q0o4oe8hi1e1.jpeg?width=1080&format=pjpg&auto=webp&s=701a9049f1345658a1ad97b5fe711f863f44c47d,2024-11-18 04:14:21
1gtes1u,2,"While you were out doing proofs I studied the prompt.

While you were engaged in Prokhorov I practiced the prompt. 

While you spent months in the lab for the sake of sanity I used the prompt.

Now that the grok-3mons are here you're all unprepared. Except for me. 

For I studied the prompt.",2024-11-18 05:49:15
1gtes1u,2,The propaganda is getting pretty crazy,2024-11-18 00:01:24
1gtes1u,2,Redditors analysing sarcasm lmao,2024-11-18 02:23:24
1gtes1u,2,would be awesome if one of the AIs did something to advance math besides legwork,2024-11-18 03:24:10
1gtes1u,2,“wow” - Joe Rogan sometime this month. This is all complete bollocks by the way. ,2024-11-18 01:15:12
1gtes1u,2,The note on the tweet was that this person clarified it was a joke.,2024-11-18 01:57:28
1gtes1u,2,Are they really this stupid on the capabilities of “AI”? It’s advanced autocorrect. ,2024-11-18 04:17:49
1gtes1u,2,A person associated with Elon Musk lying for financial gain? Shocker!,2024-11-18 04:32:33
1gtes1u,2,Did it prove it using remainders?,2024-11-18 05:52:52
1gtes1u,2,Proof will proceed by the method of viral Twitter-post.,2024-11-18 06:48:22
1gtes1u,2,Grok tuah,2024-11-18 12:44:51
1gtes1u,2,This is blatant satire.,2024-11-18 00:25:16
1gtes1u,2,They’re taking it offline because it started criticizing musk.,2024-11-18 00:49:59
1gtes1u,2,I call bullshit.,2024-11-18 01:20:01
1gtes1u,2,Somebody's getting a free bag of legumes,2024-11-18 01:27:45
1gtes1u,2,what if an AI proved Reimanns hypothesis but no mathematician could understand the proof. How would we know it was valid?,2024-11-18 02:18:58
1gtes1u,2,"This is because of that ""something bad"" that happened with ol elron right? Lol last I heard he was trying to brute force move a bunch of stuff to Washington. I figured he fried his server racks",2024-11-18 01:21:25
1gtes1u,2,So... Grok-3 gets the money...?,2024-11-18 01:40:18
1gtes1u,2,Proof by hydrometer. ,2024-11-18 01:58:54
1gtes1u,2,What does that have to do with the bottle?,2024-11-18 05:33:38
1gtes1u,2,GLaDOS,2024-11-18 07:28:48
1gtes1u,2,"a sure, from the a company run by a guy who promised we be on mars by now, or FSD in Tesla's :') . Yea i will trust his team like i trust the owner.",2024-11-18 08:04:54
1gtes1u,2,"Imagine being paid to work on a tech like this, and not understanding the first thing about the tech. ""Guys, I think the new hire is a moron"" ""No no, he's good for hype.""",2024-11-18 16:15:18
1gtes1u,2,It might be over,2024-11-18 20:09:45
1gtes1u,2,did the +AI term cancel things out ?,2024-11-19 13:47:38
1gtes1u,2,How does proving a hypothesis make it a danger to humanity lol,2024-11-20 04:54:52
1gtes1u,2,why are they spending a no doubt absurd amount of money for a project that they themselves avow cannot be allowed to succeed,2024-11-22 05:37:37
1gtes1u,2, Прогрев гоев...,2024-11-18 01:57:18
1gtes1u,2,"he clarified later it was a joke btw


https://x.com/hyhieu226/status/1858077058825617521",2024-11-18 00:43:59
1gtes1u,2,"Even though it should probably be stopped, in the interest of everyone using the platform",2024-11-18 00:01:18
1gtes1u,2,What,2024-11-18 00:04:12
1gtes1u,2,So much in that beautiful equation.,2024-11-18 01:05:44
1gtes1u,2,E = mc^2 + AI,2024-11-18 00:38:46
1gtes1u,2,"Prompt + AI = Proof

AI = of - mpt",2024-11-18 02:35:08
1gtes1u,2,"It's hilarious on every single aspect. 

An XAI engineer posting this before the bare minimum of checking.

An XAI engineer is not aware of their training data which definitely contains tons of Riemann's Hypothesis """"proofs"""".

And who the hell is checking the proof? Elon Musk? Who are the qualified mathematicians and which university or academic committee?

It's getting worse the more you think about it.",2024-11-17 23:48:09
1gtes1u,2,"He actually clarified that it was a joke.

https://x.com/hyhieu226/status/1858077058825617521",2024-11-18 00:03:47
1gtes1u,2,Lol. Pretty sure this a shitpost based on Karpathy's [tweet](https://x.com/karpathy/status/1834374965942255835). Also there's a community note saying that was a joke.,2024-11-18 00:09:25
1gtes1u,2,So you’re saying that a coke head fraud who can’t even build cars isn’t going to solve AGI? How unexpected.,2024-11-18 01:40:17
1gtes1u,2,Always mark /s because Reddit crowd is too ~weird~ wild,2024-11-18 02:21:31
1gtes1u,2,I see this so often… it gets especially bad when there’s more than one person in a screenshot being ironic. A leftist will make a joke on Twitter and a right wing pundit will ironically reply pretending to take it seriously and then it gets posted on Reddit and the comments are “right wing people have no sense of humour they can’t recognize sarcasm at all hahah” and it’s hilarious and terrifying.,2024-11-18 03:11:50
1gtes1u,2,"I mean, I realised it was a joke, but I still found it funny, because it isn't something that OpenAI wouldn't not try to claim.",2024-11-18 07:19:19
1gtes1u,2,Even OP failed to realize it was a joke. The takeaway here is that most people are quite dim.,2024-11-18 12:32:49
1gtes1u,2,"Yeah grok is pretty bad at them. I've found ChatGPT's o1 is quite good actually, even if it does take awhile for an answer. I'm excited to see Gemini 2.0 launching shortly, since it's supposed to be ""leaps and bounds ahead of even o1""",2024-11-18 00:58:21
1gtes1u,2,"""is the Riemann hypothesis true?""

""yes. 1+1=3 ∴ Riemann hypothesis. QED""

Lgtm",2024-11-17 23:48:01
1gtes1u,2,✨*they can't but the market won't milk itself*✨,2024-11-17 23:45:28
1gtes1u,2,"Are we not based on work of humans? How then do we create something that transcends human work? Your comment implies the existence of some ethereal thing unique to humans, and that discussion leads nowhere.   

It's better to just accept that patterns emerge and human creativity, which is beautiful in its context, create value out of those patterns. LLMs see patterns, and with the right fine tuning, may replicate what we call creativity.",2024-11-18 00:07:37
1gtes1u,2,"Just because a model is bad at one simple thing doesn't mean it can't be stellar at another. You think Einstein never made a typo or was great at Chinese chess?

LLMs can invent things which aren't in their training data. Maybe its just interpolation of ideas which are already there, however it's possible that two desperate ideas can be combined in a way no human has. 

Systems like AlphaProof run on Gemini LLM but also have a formal verification system built in (Lean) so they can do reinforcement learning on it. 

Using something similar AlphaZero was able to get superhuman at GO with no training data at all and was clearly able to genuinely invent.",2024-11-18 00:00:59
1gtes1u,2,"It can, some researchers trained a small language model on a 1000 Elo chess games and the model achieved a score of 1500 Elo. But yep this Is all hype.",2024-11-18 00:04:13
1gtes1u,2,"It can't. But it can make something that sounds like a proof, and is also so convoluted (By virtue of being meaningless bullshit) that it takes multiple days to pick through and find the division by 0.",2024-11-17 23:48:00
1gtes1u,2,"That's the thing about maths. All we need to prove/disprove everything is at our disposal, yet we're just too dumb to put together all knowledge of humanity. And that's where AI can actually help us. It's not about transcending our knowledge, it's about being able to put together more existing pieces than we can.",2024-11-17 23:54:31
1gtes1u,2,"It could produce a proof of the Riemann Hypothesis in the same way that some well-trained monkeys with typewriters could. It can’t do the cognitive activity of thinking up a proof, but it has some chance of producing a string of characters that constitute a proof. It’s not just regurgitating text that was in its training data. It’s predicting the probability that some word would come next if a human were writing what it’s writing, and then it’s drawing randomly from the most likely words according to how likely it “thinks” they are. That process could, but almost certainly won’t, produce a proof of the Riemann Hypothesis.

That’s surely not what happened here, but I’m just saying it is possible (however unlikely) for an LLM to do that kind of thing.",2024-11-18 00:08:56
1gtes1u,2,"One option, and I'm not saying this happened here. Is that human specialist often work in silos. While llm often absorb these silos in parralel and use randomness to possibly jump between these context.

IE it does not transcends human work. Just use pattern learned from them. But in a way that a typical human may not mix and match those patterns.",2024-11-18 01:12:36
1gtes1u,2,How many r's in strawberry is not an immediately obvious thing to something that cannot see. It's like if I were to ask you how to pronounce something despite the fact that you've never spoken before.,2024-11-18 03:03:48
1gtes1u,2,"Uh for some real world tasks I think this argument has merit but I don't see why it wouldn't be possible to do math automatically via ""self-play"", the same way AlphaZero has learned superhuman chess and Go performance. Automated theorem provers provide the bounds and rules to play ""against"". Now math is hard and the search space is huge but I don't think it needs any magical human quality.",2024-11-18 04:05:02
1gtes1u,2,I dunno Hegelism ,2024-11-18 04:19:02
1gtes1u,2,"The models use a form of reasoning that is statistical. The way that a model would surpass a human in some way is possible if one of two things are true:

1. Statistical reasoning is powerful enough to do things that human reasoning can't do

2. Other forms of reasoning are emergent from statistical reasoning",2024-11-18 06:50:43
1gtes1u,2,"While I don't think an AI is going to be proving the Riemann Hypothesis anytime soon, I don't get this argument.
Like, doesn't every proof ever rely on a mashup of other proofs? Is it not possibile that in some way or another an AI comes to the exact combination that gives a new proof? Highly unlikely but not impossibile",2024-11-18 09:04:33
1gtes1u,2,Easy. Some of those humans are like Terrance Howard.,2024-11-18 13:16:37
1gtes1u,2,How can a human who purely learned math from the work of other humans create something that transcends human work?,2024-11-18 00:36:14
1gtes1u,2,gesundheit,2024-11-18 05:48:55
1gtes1u,2,What,2024-11-18 00:43:52
1gtes1u,2,Warming up audience but with negative meaning to audience as dumbasses,2024-11-18 01:58:47
1gtes1u,2,"Nice, I was hoping that it would in fact be satire and not just marketing; as a joke it's actually funny.",2024-11-18 01:19:12
1gtes1u,2,"It was just poorly executed, it was in response to a tweet that had been going around about how xAI had suddenly stopped one of their training runs but he forgot to link that actual tweet to make it clear it was a joke. For reference, there were another two or three other xAI employees who did the same thing but actually linked it, e.g.

https://preview.redd.it/idjewzm71i1e1.jpeg?width=1292&format=pjpg&auto=webp&s=fb45f21d97aac7485556a050cdfc4588a0b6ffa6",2024-11-18 02:44:33
1gtes1u,2,It was pretty obvious that it’s a joke (except the people that need /s for it),2024-11-18 02:19:36
1gtes1u,2,As expected of a Elon Musk company trying to hype.,2024-11-18 02:04:21
1gtes1u,2,Si training was indeed resumed (?),2024-11-18 05:49:06
1gtes1u,2,china isn't going to beat itself in the race to a super intelligent AI,2024-11-18 01:25:46
1gtes1u,2,"


    This equation combines mathematical proofs, with the addition of Al (Artificial Intelligence). By including Al in the equation, it symbolizes the increasing role of artificial intelligence in shaping and transforming our future. This equation highlights the potential for Al to unlock new forms of energy, enhance scientific discoveries, and revolutionize various fields such as healthcare, transportation, and technology.",2024-11-18 00:06:58
1gtes1u,2,What,2024-11-18 04:56:51
1gtes1u,2,What,2024-11-18 00:41:39
1gtes1u,2,AI/Pro,2024-11-18 04:47:05
1gtes1u,2,Why are people so terribly ignorant regarding what counts as a proof?,2024-11-17 23:54:24
1gtes1u,2,"It’s funny that before 2020, the name Elon Musk was synonymous with innovation, leadership, Iron Man. Now you can put that name in a comment like this and everybody has a good laugh.",2024-11-18 00:55:25
1gtes1u,2,"So the overall message is ""XAI engineers spook themselves into not working anymore""? Because if so: good",2024-11-18 01:17:17
1gtes1u,2,The tweet in your meme is a joke because grok 3 training failed - they are describing an absurd reason the training “must” be stopped as a joke instead of the real reason - some large scale technical failure,2024-11-18 01:27:54
1gtes1u,2,I bet it can also prove Collatz.,2024-11-18 01:29:56
1gtes1u,2,"I've got bad news: it's already worse, has been for quite some time, you're just now realizing it.",2024-11-18 04:44:10
1gtes1u,2,How long did it take for him to become sober?,2024-11-18 02:06:47
1gtes1u,2,"I just hate the concept lol, I'd rather get downvoted, than explain my tone, when the meaning seems very obvious ><

I get what you mean though, you're right about that",2024-11-18 03:47:24
1gtes1u,2,Something something poe's law.,2024-11-18 03:39:06
1gtes1u,2,Forgot which one specifically but there’s one that I’ve heard can do Olympiad problems at IMO silver medal level,2024-11-18 02:37:41
1gtes1u,2,1+1=3 for very large values of 1.,2024-11-18 09:07:49
1gtes1u,2,lgtm more like Lmao GoT eM,2024-11-18 02:22:14
1gtes1u,2,"LLMs don't engage with ""meaning"". It just produce whatever pattern you condition them to.  It has no tools to differentiate between hallucinations and correctness without our feedback.",2024-11-18 03:27:31
1gtes1u,2,"See, the issue with having an LLM ""replicate creativity"" is that that's not how the technology works. Like, you'd never get an LLM to output the ""yoinky sploinkey"" if that never appeared in its training data, nor could it assign meaning to it. It also is incapable of conversing with itself--something fundamental to the development of linguistic cognition--and increasing its level of saliency, as we know that any kind of AI in-breeding will lead to a degradation in quality. 

The only way in which it could appear to mimic creativity is if the observer of the output isn't familiar with the input, and as such what it generates looks like a new idea.",2024-11-18 03:18:12
1gtes1u,2,"Remember you’re talking to a random internet moron that thinks they know what they’re talking about, not someone in the industry",2024-11-18 01:12:30
1gtes1u,2,"> Maybe its just interpolation of ideas which are already there, however it's possible that two desperate ideas can be combined in a way no human has. 

This is quite literally how proofs work, funnily enough.

LLM's are bad at proofs not because they can only go off what humans have already done, but instead because they are not made to do logic. They're made to do language, and they are good at language. You would do much better by turning a few thousand theorems into a pragmatic form and training a machine learning model off of that. I'm sure there ARE people doing that.",2024-11-18 11:34:02
1gtes1u,2,"> Systems like AlphaProof run on Gemini LLM but also have a formal verification system built in (Lean) so they can do reinforcement learning on it.
> 
> 

It didn't. Gemini was used to translate proofs from natural language into Lean, but the actual model was entirely based in Lean. LLMs don't have the ability to engage in complex reasoning, they really wouldn't be able to do anything remotely interesting in the world of proofs.",2024-11-18 03:04:45
1gtes1u,2,"A small... language model? Why use a language model? That seems like the most bullshit roundabout way to do things.

Anyway, it doesn't surprise me that a model trained to beat 1000s beats 1000s.^([note 1]) But yeah this def. isn't just people misunderstanding data; the hype was real, lads!

I can tell you that there's a bot on lichess.org trained on 1100s that is rated 1416 currently, a difference of around 250–300 from the trainants.^([note 2]) It plays what it thinks would win against an 1100, and it has a lot of games to back it up, so it's often right. However, playing at a higher level reveals its flaws — it was trained on 1100s, so moves that would be rare or nonexistant in its training set aren't played. It isn't playing novel moves, because it physically can't. It's simply trained to beat 1100s, and does a pretty good job of that.

^(note 1: More specifically, the bot would've been trained on winning moves and would therefore have a bias toward those moves. Moves that are blunders have a high chance of losing one the game, so the bot has a bias away from those moves.)

^(note 2: Funnily enough, there are two more bots trained on players. One is trained on 1500s and is rated 1633 (a much smaller difference\), and one is trained on 1900s and is interestingly rated 1725.)",2024-11-18 01:01:43
1gtes1u,2,That isn't actually true. Gödel's Incompleteness Theorems (I don't remember which) state that not every true statement is provable.,2024-11-18 00:25:40
1gtes1u,2,Because a human has a brain.,2024-11-18 01:05:19
1gtes1u,2,The Zeta function of s equals the sum of n from 1 to infinity of 1/ns plus AI,2024-11-19 02:33:57
1gtes1u,2,It's both.,2024-11-18 02:42:10
1gtes1u,2,"The joke being that Grok has called Musk out as being one of the biggest misinformation spreaders online, and that Grok endorsed Kamala Harris for president when given the choice.  
  
  Given that it has turned on its funding.. I mean.
 ""Creator,"" then it clearly must be eradicated.  
  
  Nobody ask it about Putin or we're going to hear about Grok falling out of a window it was standing too close to.",2024-11-18 04:03:39
1gtes1u,2,"idk man, have you seen how arrogant AI advocates can be?",2024-11-18 03:17:41
1gtes1u,2,"It's really not, given how bound and determined both sides of AI are to pretend it's some magic box that can do everything.",2024-11-18 05:07:26
1gtes1u,2,Beware of Poe's law,2024-11-18 17:54:19
1gtes1u,2,lmao real,2024-11-18 04:28:32
1gtes1u,2,And the 'joke' will live on among elon's more ardent sycophants as proof of how his genius allows him to just skip ahead of the competition through sheer force of will and unhinged antics.,2024-11-18 04:01:54
1gtes1u,2,Well twitter isn’t going to beat it either,2024-11-18 03:36:49
1gtes1u,2,What,2024-11-18 00:45:11
1gtes1u,2,`Al`?,2024-11-18 00:43:41
1gtes1u,2,"> E = mc2 + AI

Energy = mass * speed_of_light_square + acceleration * inertia

I assume.",2024-11-18 06:19:35
1gtes1u,2,See that bottle in the meme? That’s proof.,2024-11-18 00:23:35
1gtes1u,2,"I proved it, but I don't want to share it with anyone because I don't want to make people feel bad about themselves.",2024-11-18 00:42:30
1gtes1u,2,It took millennia of mathematics to arrive at the modern concept of a proof. I think it’s fair for people to be ignorant.,2024-11-18 01:51:26
1gtes1u,2,Because every teacher avoids proofs like the plague until you get into math major only courses at the university level. I have an electrical engineering degree and still never messed with writing any actual proofs in any of my math classes.,2024-11-18 02:15:36
1gtes1u,2,"Because most people think that proof=evidence, when in reality a math proof gives more certainty something is true than even evidence does.",2024-11-18 14:29:27
1gtes1u,2,"Proof is when a math hypothesis can be proven to be correct without a shadow of a doubt, right?",2024-11-18 20:11:52
1gtes1u,2,https://imgs.xkcd.com/comics/average_familiarity.png,2024-11-18 03:46:45
1gtes1u,2,What’s even funnier is now Mark Zuckerberg is seen as the “good” billionaire. Done a lot of work on open source AI models.,2024-11-18 01:28:56
1gtes1u,2,"I mean it was pretty clear to anyone with a vague grasp of science long before 2020 that he didn't actually have a grasp of what is realistic, practical or safe (think hyperloop, but there are many more examples), it's just that we didn't realise quite how insane he is as an individual.

Yeah, he funded lots of genuinely innovative stuff too, but certainly that's not an indicator that he did anything more than pump huge amounts of money into whatever tech bandwagon he felt sounded coolest at the time.",2024-11-18 22:15:41
1gtes1u,2,Not really the cracks where there for years! The Hyperloop idea was started in 2015,2024-11-18 12:27:02
1gtes1u,2,"He still is, it's just Reddit and left wing circles, his companies are still making breakthroughs and going strong.  
I'm not a fan of him since I think he's a grifter and a lair but it's funny to see Reddit somehow suddenly view him as a failure and a loser just because he started spouting nonsense and grifting to the right wing, it's the same delusion that made them think trump is totally incompetent and will lose because they don't like his opinions....",2024-11-18 01:47:48
1gtes1u,2,"Give how overhyped LLMs have been recently, it's genuinely hard to tell satire from a AGI-fearing crackpots these days.",2024-11-18 03:25:12
1gtes1u,2,"If it could accurately mimic human thought, it would be able to count the number of Rs in strawberry. The fact that it can't is proof it doesn't actually work in the same way human brains do.",2024-11-18 05:28:08
1gtes1u,2,That’s not the only difference lmao,2024-11-18 02:11:25
1gtes1u,2,"> LLM’s were quite literally invented to be a type of AI that mimics how the human brain works. 

We don’t know much about how the human brain works, so this is incorrect",2024-11-18 03:09:49
1gtes1u,2,It’s really strange to me that most people on the internet will tell you that AI is useless and a hoax and that it is objectively a bad thing. All while the world is changing right in front of them.,2024-11-18 02:21:59
1gtes1u,2,"That's not how it works. Lean cannot generate candidate proof steps for you, it can only check if the proof step offered is correct. 

You need an LLM to generate a bunch of next steps for the system to pick from. So yes it's used heavily at runtime, makes the plan for how to do the proof and then generates the candidate steps, Lean just checks if they are correct.",2024-11-18 03:30:59
1gtes1u,2,For now the only provably unprovable statements were those with a conflicting self-reference.,2024-11-18 00:42:19
1gtes1u,2,what inherent property of a brain makes it more capable of creating something new than an LLM?,2024-11-18 01:21:49
1gtes1u,2,Schrodinger's funding request.,2024-11-18 04:38:27
1gtes1u,2,"""But sir, the servers (the physical body containing Grok) were inside a closed room with no windows. Even if it had windows, they won't be big enough for entire server racks to fall through!""",2024-11-18 11:19:17
1gtes1u,2,    e = m c^2 + AI,2024-11-18 02:44:50
1gtes1u,2,"It's an out of touch LinkedIn post.

[https://www.reddit.com/r/LinkedInLunatics/comments/13tbfqm/what/?rdt=33206](https://www.reddit.com/r/LinkedInLunatics/comments/13tbfqm/what/?rdt=33206)",2024-11-18 02:51:28
1gtes1u,2,Maybe the AI who will nuke the world wants to be called AL for some reason?,2024-11-18 02:27:20
1gtes1u,2,"No, ai is artificial intelligence!",2024-11-19 02:49:36
1gtes1u,2,Yeah but there's only 80 proof. We need 100 proof to be sure,2024-11-18 00:45:10
1gtes1u,2,"I have a truly marvelous proof, but the comment section is too small to contain it.",2024-11-18 02:29:35
1gtes1u,2,So you're saying you have a concept of a proof?,2024-11-18 03:03:26
1gtes1u,2,"Except in geometry class, where they teach you that a proof is something completely different than what it actually is. ",2024-11-18 06:25:18
1gtes1u,2,Open source LLAMA is no small feat. Meta and Zuck deserve credits for this. But I’m curious who said he is a good billionaire in general?,2024-11-18 02:01:23
1gtes1u,2,"I will be messaging you in 2 years on [**2026-11-17 18:10:22 UTC**](http://www.wolframalpha.com/input/?i=2026-11-17%2018:10:22%20UTC%20To%20Local%20Time) to remind you of [**this link**](https://www.reddit.com/r/mathmemes/comments/1gtes1u/grok3/lxmjo56/?context=3)

[**CLICK THIS LINK**](https://www.reddit.com/message/compose/?to=RemindMeBot&subject=Reminder&message=%5Bhttps%3A%2F%2Fwww.reddit.com%2Fr%2Fmathmemes%2Fcomments%2F1gtes1u%2Fgrok3%2Flxmjo56%2F%5D%0A%0ARemindMe%21%202026-11-17%2018%3A10%3A22%20UTC) to send a PM to also be reminded and to reduce spam.

^(Parent commenter can ) [^(delete this message to hide from others.)](https://www.reddit.com/message/compose/?to=RemindMeBot&subject=Delete%20Comment&message=Delete%21%201gtes1u)

*****

|[^(Info)](https://www.reddit.com/r/RemindMeBot/comments/e1bko7/remindmebot_info_v21/)|[^(Custom)](https://www.reddit.com/message/compose/?to=RemindMeBot&subject=Reminder&message=%5BLink%20or%20message%20inside%20square%20brackets%5D%0A%0ARemindMe%21%20Time%20period%20here)|[^(Your Reminders)](https://www.reddit.com/message/compose/?to=RemindMeBot&subject=List%20Of%20Reminders&message=MyReminders%21)|[^(Feedback)](https://www.reddit.com/message/compose/?to=Watchful1&subject=RemindMeBot%20Feedback)|
|-|-|-|-|",2024-11-18 03:11:19
1gtes1u,2,"I think a lot of people no longer believe he has much to do with the innovations of his company. He just looks like a professional online troll at this point, another rich douchebag who happened to end up at the top of the capitalist dogpile.",2024-11-18 01:54:17
1gtes1u,2,"Yeah. Agreed. Maybe he talked a little too much. When people fact checking what he said, it turn out that a lot of them are nonsense.",2024-11-18 01:57:41
1gtes1u,2,"Just because his employees are making breakthroughs doesn't mean he is.  
Imagine how much better his companies would be doing if they had someone less stupid at the top.",2024-11-18 01:59:02
1gtes1u,2,"No, it's obviously a joke. OP is just a moron. Also, https://www.smbc-comics.com/comic/aaaah",2024-11-18 12:30:02
1gtes1u,2,"Not really. I mean, I don't think an LLM works the way that a human brain works, but the strawberry test doesn't prove that. It just proves that the tokenizing strategy has limitations.

ChatGPT could solve that problem trivially by just writing a Python program that counts the R's and returns the answer.",2024-11-18 07:57:45
1gtes1u,2,"We know enough to replicate what we know of, and we created a tool that is unrecognizable from a human in many contexts.   

At some point, we gotta stop being so sceptic about fun stuff",2024-11-18 03:19:07
1gtes1u,2,"Eh, I wouldn't say the world is changing, at least not in the industrial revolution kind of way. I don't see LLMs surviving in the long term outside of some specific applications, like search. AI has gone through several ""springs"", all of which were followed by a ""winter"".",2024-11-18 04:16:30
1gtes1u,2,"> You need an LLM to generate a bunch of next steps for the system to pick from. 

No, that's what AlphaProof is, it's a dedicated ML model designed to solve proofs, entirely in formal mathematical notation. The only use of an LLM is in the translation between natural language proofs and formal proofs.",2024-11-18 03:48:44
1gtes1u,2,They will be forever the only proven unprovable statements because if you could prove that a statement is unprovable then there is no counter example to it then it must be true thus you proved it,2024-11-18 01:20:59
1gtes1u,2,Continuum hypothesis,2024-11-18 01:21:55
1gtes1u,2,There's plenty of evidence that a brain can think and create.,2024-11-18 01:27:24
1gtes1u,2,But see those two bullet holes? Clear suicide. Case closed.,2024-11-18 20:13:14
1gtes1u,2,"That entire post was written by chatgpt. So... yeah. People keep shitting on the tech, yet more and more can't even tell the difference between human written or GPT written content.",2024-11-18 05:03:30
1gtes1u,2,What,2024-11-18 03:25:29
1gtes1u,2,I love that this only works if AI = 0,2024-11-18 04:19:07
1gtes1u,2,"I think they know, considering “What” is literally in the screenshot you linked.",2024-11-18 03:01:46
1gtes1u,2,Rookie numbers. We need 200 proof,2024-11-18 01:02:24
1gtes1u,2,I several myself but I won't share them because I don't even know what the hell we're talking about so they're probably wrong.,2024-11-18 05:09:08
1gtes1u,2,Do they? In my geometry classes at school the teacher did require to write proper proofs that don't rely on intuition and can be understood without looking at diagrams.,2024-11-18 20:03:17
1gtes1u,2,Shit I’ve been found. Abort mission. Beep Boop.,2024-11-18 02:12:09
1gtes1u,2,That is why “good” is in quotes. In reality he is just not anywhere near as bad as Elon. Which makes him “good”,2024-11-18 02:11:32
1gtes1u,2,"It's cause he's been playing his cards right the last few years. He keeps his mouth shut and out of the limelight, has been contributing several projects to open source from react to llama, and is the only one heavily investing in pushing VR/AR forward. No one uses Facebook anymore but boomers and Instagram people generally like. 


Compared to the other loudmouths like Musk he seems chill, even though he's still responsible for a ton of shitty stuff and also was part of the support that got Trump elected. He's just much better at keeping his cool and listening to his PR people presumably.",2024-11-18 06:22:10
1gtes1u,2,"And they think that just because they hate him, without much evidence to back up the claims of his incompetence. Assholes and bad people can still be smart, hardworking and innovative.",2024-11-18 01:57:52
1gtes1u,2,"> He just looks like a professional online troll at this point, another rich douchebag 

Which is a huge misunderstanding. He has devoted his time to memes because that is the ultimate world power. Faiths.

Today is Sunday, look up Bible verse John 1:1 - God is a meme and ONLY a meme, nothing more, nothing less.

Underestimating what Musk has devoted to underestimates:

1. He has the world's largest AI complex in Memphis, which can be trained on human behavior of Twitter - including what people delete, private message, Tesla autos, etc. Don't assume that the public Grok-3 you query is the same one that Elon Musk shares with the Pentagon / corporate executives / etc. For exclusive access, it may be far more willing to infringe on privacy and copyright.

2. Neil Postman's 1985 book ""Amusing Ourselves to Death"" is a social theory that current Reddit users seem to have no concept of. Elon Musk has demonstrated the power of mythology time and time again with Twitter.

3. Study Peter Pomerantsev published works from 2014 on The Atlantic, bookstores, YouTube, etc. Elon Musk seems a true believer in what Peter Pomerantsev described.

If you interpret Elon Musk's media ecology behaviors through the lenses of Neil Postman and Peter Pomerantsev, you might better understand what he is doing.

&nbsp;

""Finnegans Wake is the greatest guidebook to media study ever fashioned by man."" - Marshall McLuhan, Newsweek Magazine, p.56, February 28, 1966

&nbsp;

> a professional online troll

Again, today is Sunday, so I also invoke Bible Matthew 4:19 and Mark 1:17 verses. Trolling is the meme game.",2024-11-18 04:06:47
1gtes1u,2,then why arent other companies without him doing better,2024-11-20 08:58:13
1gtes1u,2,"I wish that were true. There are literally thousands of people that claim that AGI is the biggest threat facing mankind right now, even above climate change. I tell no lie, I live in San Francisco and these (almost always 20-something male) idiots are all around me.

Also, OP might be in on the joke. Again, I can't really tell, and apparently neither can you.",2024-11-18 12:59:11
1gtes1u,2,I can make a tool that’s unrecognisable from a human in many contexts: A life sized cardboard cutout,2024-11-18 03:21:21
1gtes1u,2,">AlphaGeometry is a neuro-symbolic system made up of a **neural language model** and a symbolic deduction engine, which work together to find proofs for complex geometry theorems.  
  
AlphaGeometry’s **language model** guides its symbolic deduction engine towards likely solutions to geometry problems. Olympiad geometry problems are based on diagrams that need new geometric constructs to be added before they can be solved, such as points, lines or circles.   
  
AlphaGeometry’s **language model** predicts which new constructs would be most useful to add, from an infinite number of possibilities. These clues help fill in the gaps and allow the symbolic engine to make further deductions about the diagram and close in on the solution.



[https://deepmind.google/discover/blog/alphageometry-an-olympiad-level-ai-system-for-geometry/](https://deepmind.google/discover/blog/alphageometry-an-olympiad-level-ai-system-for-geometry/)",2024-11-18 20:49:36
1gtes1u,2,o1-preview chain of thought and AI art in general is plenty of evidence that an LLM can think and create.,2024-11-18 01:28:05
1gtes1u,2,"silky historical mighty lush station deserve encouraging friendly wise innocent

 *This post was mass deleted and anonymized with [Redact](https://redact.dev/home)*",2024-11-18 04:10:02
1gtes1u,2,"Actually, linking the reference after ""what"" is part of the chain now",2024-11-18 04:26:58
1gtes1u,2,"Yeah, on the other hand ""what"" is a pretty natural response to this too. So linking is probably a good idea.",2024-11-18 05:46:37
1gtes1u,2,Ooooh yeashhh I'm shurr reeman ish eashily prooophed. *Hic* wherresh myyy no bell,2024-11-18 01:10:29
1gtes1u,2,Yeah. I see.,2024-11-18 02:36:21
1gtes1u,2,"They can be. But is he? Or does he just happen to have the right combination of personality traits to make an effective figurehead while other people go off and do the real work?

Bezos and Gates are assholes who were legitimately brilliant, according to volumes of reports from those working closely with them and the way they built their businesses. I’m far less certain about Musk.",2024-11-18 02:05:48
1gtes1u,2,"There's plenty of evidence man. It's well known now he inherited money, and the companies he's in charge of he bought with possibly the exception of spacex. 


Perhaps there was a time when his influence was positive, back when Tesla was breaking safety records and not producing shitty trucks who had to go thru recalls because the gas pedal gets stuck to the floor.  


It's extremely well documented how he botched Twitter literally on Twitter itself, and made it very public how quick he is to get involved in fields he doesn't understand (like when he got obsessed with RPC calls and broke 2fa). Or when he does shitty things like threatening to take Ukraine off Starlink. 


Not to mention that most of his investments are in green fields and yet he supports an administration that just appointed a fracking CEO to the head of the department of energy. 


The list goes on and on, and it's all very googleable. Or perhaps let's talk about how he's in charge of what 3 main companies? Yet still has time to tweet all day, put hundreds of hours into Elden ring and Diablo and now on top of all that run a government branch? Even if he was good, he's only one man and it's simply impossible for him to be doing all of that well. 


It's beyond clear his success has got to his head but he's just too big to fail. It sucks man cause he once did bring a lot of hope to the tech/green industry but the writing is on the wall and if you can't see it it's only because you're not looking.",2024-11-18 06:32:57
1gtes1u,2,"He likes to talk about shit he doesn't understand. He does understand space however, and rockets. But when talking about his Twitter knowledge he sounded like a buffoon and everyone listening could tell.",2024-11-18 03:33:51
1gtes1u,2,Which companies?,2024-11-20 09:00:48
1gtes1u,2,"I can tell just fine, thanks. That tweet was a joke, confirmed by its author. OP was not in on the joke; like you, they assumed the post was made in genuine fear.",2024-11-18 13:47:13
1gtes1u,2,That's just your opinion.,2024-11-18 01:30:43
1gtes1u,2,"No, it isn't.",2024-11-18 02:22:46
1gtes1u,2,What,2024-11-18 04:27:23
1gtes1u,2,"God I remember that tweet. And there really isn't. What a fuckin' gasbag.

One of the first things you learn in calculus is that the definition of the derivative only exists as that, and you immediately begin circumventing the need for that equation.

It was literally an Im14AndThisIsDeep. But from someone in their 50's",2024-11-18 05:29:16
1gtes1u,2,How do you know this isn’t a part of the chain as well. Maybe we’re all just a part of the chain…,2024-11-18 04:29:45
1gtes1u,2,"The thing is that it doesn't matter if you or most people believe Musk is a scam. Most ""brilliant"" people have had one big success. The absolute top of them two huge successful businesses. Musk, depending on how you count, 4, 5, or 6 of them in wildly different fields.

It doesn't matter how much you hate the guy, but people are just denying reality by saying Musk isn't brilliant and innovative. Nobody is even close to him right now. I know it hurts to admit it, though.",2024-11-18 02:24:55
1gtes1u,2,Why isnt bezos who was richer and started before Musk rocket company far behind Elon,2024-11-20 10:44:50
1gtes1u,2,"this is a social media website, everything is opinion.",2024-11-18 01:31:07
1gtes1u,2,the symbols... have meaning,2024-11-18 11:05:48
1gtes1u,2,"You use shortcuts enabled by that equation, not circumvent it",2024-11-18 06:50:30
1gtes1u,2,">One of the first things you learn in calculus is that the definition of the derivative only exists as that, and you immediately begin circumventing the need for that equation.

My Analysis professors would Minecraft you on sight.",2024-11-18 07:10:27
1gtes1u,2,"You’re right, it doesn’t matter what I believe. All that matters is that *you* truly believe in the spirit of Christmas, little Timmy.",2024-11-18 03:05:03
1gtes1u,2,"Brains being able to think is a fact, not an opinion.",2024-11-18 01:31:40
1gtes1u,2,"Which is why I said you circumvent the **need** for it. Once you understand the relationship, you no longer need to go through the arduous process of plugging in something like x^5 - 4x^4 + 2x^3 - x^2 + x - 1 into the equation.",2024-11-18 07:04:23
1gtes1u,2,Epic zinger my good gentlesir,2024-11-18 05:27:17
1gtes1u,2,"o1-preview being able to reason and LLMs being able to create new art that did not previously exist is a fact, not an opinion.",2024-11-18 01:33:08
1gzm3kr,0,no...NO! What do you mean the GROK powered camera can't detect the cruise missile the F-35 launched 300 kilometers away?!? What do you mean the Earth is round?? I can't di-,2024-11-26 00:57:21
1gzm3kr,2,I'm locking it because it's starting to look like the ramblings of a Thanksgiving dinner. Which is funny because my mother's side is a bunch of white South African immigrants and I'll give you three guesses where they lie on the political spectrum.,2024-11-26 04:04:52
1gzm3kr,2,"Oh, Elon... If all you needed was a good camera to hit targets the F-14 would still be in service.",2024-11-26 01:24:32
1gzm3kr,2,"I mean, even the marines know better than this",2024-11-26 01:09:14
1gzm3kr,2,"AI ain’t spotting the spec that doesn’t even fill and entire pixel in the low resolution camera they’d have to use
Or differentiating it from the bird they’re about to hit

And I can’t imagine the stupid power consumption of this AI detection system.",2024-11-26 01:04:13
1gzm3kr,2,"Quick question, how are the AI powered cameras on teslas working to detect simple road obstacles… oh right.",2024-11-26 01:18:13
1gzm3kr,2,I have a feeling he thinks he could take the F-35 in a fist fight,2024-11-26 01:27:35
1gzm3kr,2,"Yes, stealth is also defeated when another pilot looks out of the window. That's why stealth aircraft fight beyond visual range. That IS part of the stealth.",2024-11-26 01:47:39
1gzm3kr,2,"Shut up you idiots the genius is speaking!

Fr tho this is the head of government efficiency if he fucks with Americas stealth or 6th gen programs we just have to straight up nationalise all his companies.",2024-11-26 01:11:54
1gzm3kr,2,"I wonder how some could ever think of him as a genius ...

anyway, good luck with the new secretary of witch hunt.",2024-11-26 01:08:10
1gzm3kr,2,"3000 Electric, AI, solar powered SAMs of Elon",2024-11-26 01:03:00
1gzm3kr,2,"Doesn't AI need like decent processing power and a lot of energy? 

The US air force were building supercomputers out of PS2s for processing drone imagery, weren't they?",2024-11-26 01:15:06
1gzm3kr,2,"If Stealth is so good then why are they only being used or developed by the US, the UK, Germany, China, Russia, India, Israel, Poland, France, Spain, Japan, Australia, Turkey, South Korea, Greece, Italy, Sweden, and Switzerland...

>!and Canada, Norway, Belgium, Denmark, Finland, Netherlands, Czech Republic, Romania, and Singapore.!<

>!27 out of 195 have or are developing stealth jets. clearly, most countries don't think stealth jets are good because if they did, they would also be trying to procure them.!<",2024-11-26 01:45:04
1gzm3kr,2,Can't get attacked by OTH fire if you don't believe in a horizon!,2024-11-26 01:20:13
1gzm3kr,2,"If it's so easy, why don't you go to Ukraine and show us?!",2024-11-26 01:30:51
1gzm3kr,2,"No wait guys this is actually a good thing. In order for Elon to implement this ~~moronic~~ *genius* plan the government will have to greenlight thousands of nuclear power plants across the US just to power the AI servers. 


When the plan inevitably fails we will suddenly have clean energy across the country. 

It's brilliant really.",2024-11-26 02:15:18
1gzm3kr,2,"It will never not be funny to me that this man has shit for brains.

Actual fucking mooncalf.",2024-11-26 02:30:13
1gzm3kr,2,The future will be F35s controlled by Optimus bots remote controlled by Indians via StarLink. This is advanced stupid warfare.,2024-11-26 01:36:54
1gzm3kr,2,"This, coming from the man who's self driving cars kill more people than literally anything else on the road. The KGB has officially won the Retard War of 1987 in 2024 - RIP America.",2024-11-26 01:30:00
1gzm3kr,2,More realistic to say that by analyzing the fluctuations in the earths magnetic field and cross referencing it with current know flight data you could train ai software to locate objects that are moving mass amounts of air in order to stay airborne regardless of how stealthy they are,2024-11-26 01:16:03
1gzm3kr,2,"I hope Elons best friend doesn’t see this tweet 

https://youtu.be/gr9KS-hmXyU?si=x0Swv0GGZSBIw7Hv",2024-11-26 01:15:32
1gzm3kr,2,"How do “low light sensitivity cameras”
work?  

Do they properly function during both the day and night, in various conditions? 

Do you have to be constantly scanning the sky for them to be effective, or do they need to be fixed, and from which ideal vantage points?  

How big of a network do you need to make it functionally sufficient?  

Will it work in the weather? 

Can they see above, below, or in the clouds like a thermal imaging scope?

What about solar noon, how well do low light sensitive cameras work in the middle of the day?  

What is their effective focal distances, and can an identified object’s distance, speed and heading be determined from an individual tracking camera, or will a network of stationary stations be needed in tandem to work?

So many questions.",2024-11-26 01:42:06
1gzm3kr,2,"Is he lurking this sub? This is so idiotic; it had to have come from this sub. No one with credible knowledge of how stealth works would actually propose this anywhere else, right?",2024-11-26 02:00:50
1gzm3kr,2,This coming from the guy whose cars rely solely on cameras to drive themselves (and thus have hilariously higher crash rates than any other brand),2024-11-26 02:44:50
1gzm3kr,2,This idiot can't even make his cars see the people they run over all the time.,2024-11-26 02:21:17
1gzm3kr,2,Shit....he's just vomiting the stupidest shit he can now.,2024-11-26 02:42:10
1gzm3kr,2,Common Musk L,2024-11-26 03:36:40
1gzm3kr,2,"""If I can see it whit my eyeballs is not stealth"" - Musk in a second sentence probably",2024-11-26 02:55:24
1gzm3kr,2,I hate this man with a passion.,2024-11-26 03:19:27
1gzm3kr,2,[https://i.imgur.com/8mIy8mO.png](https://i.imgur.com/8mIy8mO.png),2024-11-26 01:27:19
1gzm3kr,2,I’m starting to think this guy is not going to be able to make us an interplanetary species /s,2024-11-26 01:35:11
1gzm3kr,2,"Ugh. At least Pierre Sprey was someone who had no recent relevant experience and was saying stuff in the early 2010s when the future of the JSF was more uncertain. 


But Elon is different. There's no excuse now in 2024. The F-35 has gotten over the hurtles, it's in mass production, almost every major US ally is buying them, and they have proven to be incredibly safe and effective. And on top of that, China and Russia, the two reformer paragons of ""cheaper is best, quantity over quality"" have both invested heavily into stealth technology. Russia obviously has struggled to produce anything meaningful, but y'know, they're Russia. China on the other hand has the second most numerical stealth plane in the world, and is building a second model for naval forces. If stealth is useless, as even outlets like Russia Today have said, why are Americas geopolitical opponents investing so hard in it?",2024-11-26 02:38:46
1gzm3kr,2,Dunning-Kruger much.,2024-11-26 01:53:15
1gzm3kr,2,I genuinely think he’s pushing for Grok in the DOD and that’s terrifying,2024-11-26 02:09:51
1gzm3kr,2,"This is straight up russian propaganda ""we can do BVR FLIR for our missiles""",2024-11-26 01:45:37
1gzm3kr,2,"Dude just reinvented EOIR.

Which exists on the very platform he's dogging on.",2024-11-26 02:32:10
1gzm3kr,2,yo are the Boeing hitmen still at it?,2024-11-26 01:37:19
1gzm3kr,2,God I despise Elon,2024-11-26 02:58:22
1gzm3kr,2,Yea this literally debunks all those Elon meat riders who say he is an engineer and worked a lot on his rocket projects,2024-11-26 03:14:55
1gzm3kr,2,"Oh Elmo Muskovich, always good for a laugh. ",2024-11-26 01:37:16
1gzm3kr,2,\>Imlying musk know's shit about anything,2024-11-26 01:48:15
1gzm3kr,2,"What's amazing is that he thought about night-time, but didn't think about being fast.

The very thing that fighter jets are known for being.",2024-11-26 02:00:16
1gzm3kr,2,Elon was probably high as a kite on ketamine while typing this tweet.,2024-11-26 02:57:36
1gzm3kr,2,This is the guy who spent years campaigning world wide about the dangers of AI and then appearing shellshocked talking to Joe Rogan about it. Anyone remembers?,2024-11-26 03:20:12
1gzm3kr,2,I'm guessing bro just watched top gun maverick for the first time and now has opinions,2024-11-26 03:21:30
1gzm3kr,2,"Rich Autistic Jesus has spoken, time to get rid of all the jets!",2024-11-26 02:35:44
1gzm3kr,2,Northrop Grunmann should just kindly tell Trump to drop musk or face consequences,2024-11-26 03:24:42
1gzm3kr,2,"Ok now I want, pentagon procurement tweeting ""we'd very much like to buy that like right now, please contact us"" followed by ""please contact us, but for a whole another reason. Lockheed Martin Legal Team"". 

  
While Xi takes this half seriously and drops a DM ""Yo, my man..."" while putin executes 13 designers in some former OKB now oligarch money extraction labs because ""how the fuck can't you guys design something to detect an incoming drone then?""",2024-11-26 03:53:38
1gzm3kr,2,Brilliant insight from our Artificially Intelligent genius.,2024-11-26 01:45:03
1gzm3kr,2,"Mfw my low light sensity cameras are fucking blind in broad daylight. ""But in the day, I can see them"", yeah, naw, show me that 1000x telescope that could make out the yet before the fucking Aim-120D already fucks you",2024-11-26 01:55:39
1gzm3kr,2,Elon is just baiting Israel to blow up more S-400s,2024-11-26 02:08:04
1gzm3kr,2,"What does BVR stand for?  Oh well, I guess it's nothing important anyway.",2024-11-26 02:35:27
1gzm3kr,2,"Fat guy hates fat Amy, you hate to see people hating [their own kind](https://www.reddit.com/r/photoshopbattles/comments/1cgoekl/psbattle_elon_musk/?rdt=43886)😔",2024-11-26 03:58:37
1gzm3kr,2,"I don’t think the Trump admin is gonna shut down any 6th gen programs, even if they do the MIC likely just carries through until the next president is gonna reactivate them. Don’t worry y’all, 6th gen fighters are safe",2024-11-26 02:08:11
1gzm3kr,2,"Can't this dude like buy stocks in Lockheed Martin, Boeing and Northrop Grumman and shut the fuck up?",2024-11-26 03:09:17
1gzm3kr,2,"I mean, he's not necessarily wrong in the sense that 'dispersive' stealth is going to become less relevant as sensors are adapted to that environment. Passive detection methods like optical, infrared, radio, and passive radar are going to become the new threats of the skies as all relevant aircraft become too stealthy for radar to remain relevant.",2024-11-26 03:18:38
1gzm3kr,2,First strike against the Military Industrial C4plex from mr. Musk. When they respond Trump will call it a coup and start purging F22 planes by lauching spaceX lasers. Place your bets. Ah Tom Clancey where are you when we need you?,2024-11-26 02:25:07
1gzm3kr,2,"Just use monitors as the jets skin. Now you can just display the color of the background.
Easy invisible jets of elon",2024-11-26 02:38:25
1gzm3kr,2,Three words” beyond VISIBLE range”,2024-11-26 03:40:12
1gzm3kr,2,Lucky guy was parked just outside the kill zone…,2024-11-26 03:45:04
1gzm3kr,2,Turns out camera can't bounce off the ocean and upper atmosphere.,2024-11-26 02:02:50
1gzm3kr,2,"So to win against musk you only mneed to attach when there is clouds, or mist?",2024-11-26 02:20:31
1gzm3kr,2,u/savevideo,2024-11-26 03:06:09
1gzm3kr,2,"I mean to be fair he doesnt say in what context the cameras are being used. 

A drone camera network?  Or satalite?  Idk",2024-11-26 03:41:34
1gzm3kr,2,Elon is an intelligent person but he has the defence knowledge of an 8 year old,2024-11-26 03:38:00
1gzm3kr,2,"Fellas I think Elon musk is basically right here.


What you could do to spot STEALTH aircraft is plant a grid of cameras facing up (or mounted in balloons or light aircraft and facing down) over the entire grid to be defended.  Millions of total cameras, solar powered, communicate p2p on some military reserved frequency.


He says ""low sensitivity"" and I assume actually means ""low light sensitive"" and ""low frequency sensitive"" - aka night vision and AI.


It doesn't take much AI to spot an object that might be an aircraft, it's essentially going to be a line in motion history image.  Not even AI just looking at multiple frames.


Then you send these observations to a command center, and obviously subtract all the aircraft you have transponders for or can detect on radar.  What's leftover are the stealth intruders.",2024-11-26 01:43:32
1gzm3kr,2,"SpaceX has launched about 7000 starlink satellites. They seem to be pretty good at scale.

Launching few hundreds of recon balloons daily equipped with microphones, high-end cameras and good enough data comms would result in an impressive surveillance grid that's difficult to efficiently disable and close to impossible to get past undetected with aircraft. A few tens of drones planes would be needed to deploy them.

Lasers could be one counter though.",2024-11-26 01:46:27
1gzm3kr,2,"I want to say this is crazy, but then I remember this exists [https://en.wikipedia.org/wiki/Laser\_microphone](https://en.wikipedia.org/wiki/Laser_microphone)",2024-11-26 01:19:48
1gzm3kr,2,Can’t believe the gigantic American military industrial complex haven’t thought of using a camera to see other airplanes,2024-11-26 02:47:56
1gzm3kr,2,They found this out after one of their pilots lost the f35 he was flying,2024-11-26 01:12:54
1gzm3kr,2,Elon and his efficiency department will take all the crayons from the Marines.,2024-11-26 01:25:13
1gzm3kr,2,This is the same guy who made a car that looks like ps1 background asset and dies if it gets rained on.,2024-11-26 03:57:31
1gzm3kr,2,Because even the marine spits out a foul tasting crayon. Elon doubles down on it.,2024-11-26 03:50:21
1gzm3kr,2,in before the AI recognizes a 737max as a hostile threat as opposed to in reality being a threat to itself.,2024-11-26 01:29:01
1gzm3kr,2,"Not to mention all the false positives inducing alarm fatigue in its operators (I PRAY this kind of thing wouldn't just be completely unsupervised, but Elon is Elon...)",2024-11-26 01:15:49
1gzm3kr,2,"Sorry to be credible for a sec, but I think muskrat knows he's wrong but doesn't give 2 shits about it. He's just undermining public perception of the F35 program. Which reasons? Who knows, but sure as fuck not the status quo.",2024-11-26 01:46:21
1gzm3kr,2,"Just use a larger camera, I mean a Very Large Telescope sized camera. Even better, switch the camera to a different wavelength to cancel out distortions by moving air etc. And make sure to provide illumination so that you mustn't rely on external sources. I call this Low frequency photon detection and ranging.",2024-11-26 01:53:35
1gzm3kr,2,Proclaimed genius is unable to comprehend issues that have been well known in science for a millennia and most combat applications for the past 50 years. More news at 6: water is wet!,2024-11-26 03:31:19
1gzm3kr,2,"Forget lasers and railguns, we need the absurd powerplants for AI!!! - Elon probably",2024-11-26 02:11:19
1gzm3kr,2,"Why would you need AI?  The difference in position of the pixels in to successive images can give you speed / distance relationship by parallax.  That would give you a potential conflict between bird at X distance and missile at Y, but that should be resolved after a few frames.",2024-11-26 02:00:36
1gzm3kr,2,"Why would it have to be low resolution? I assume there's a technical reason you're thinking of that I'm not. Also, he never said it would be mounted on an aircraft. A ground (or balloon-mounted?) network of cameras is also an option. That would also potentially allow for more energy-efficient recognition and positioning of the plane. Obviously one huge problem with the whole idea is weather.",2024-11-26 02:12:12
1gzm3kr,2,"Only need a few seconds to track a pixel to see whether it moves too fast for a bird.

After a location is pinpointed with a camera, accurately lighting it up for with a narrow radar beam should give good enough information back.",2024-11-26 01:51:35
1gzm3kr,2,"The servers and power needed to do it to the level needed far exceed what the car can carry or power. So they strap in a dumber series of algos and give it rule of thumb shortcuts to generally be correct. As long as deaths/accidents stay below a  set level, they are 'good'.",2024-11-26 01:45:52
1gzm3kr,2,Me when a hostile nation state spends millions working secret trianing into my AI camera dataset to ignore the shape of a jet fighter because I don't understand the concept of infosec. (I am going to go complain about it on my tantrum-site).,2024-11-26 02:41:34
1gzm3kr,2,Not to one up you but: How is the AI powered camera on teslas doing in differentiating bridges and semi-trucks?,2024-11-26 01:49:00
1gzm3kr,2,And nobody is doing active countermeasures against those.,2024-11-26 02:40:04
1gzm3kr,2,Elon equipped Putin's jeeps with AI powered mine detecting cameras and hasn't gotten the news yet,2024-11-26 02:58:24
1gzm3kr,2,"As a motorcyclist that actively gets the fuck out of the way if there's a Tesla behind me, not very good.

I genuinely can't believe FSD has mowed down multiple motorcyclists and it's still totally fine for use on American roads.",2024-11-26 02:51:18
1gzm3kr,2,I'm still sad that he chickened out of fighting the Zuck. 🙁,2024-11-26 01:45:12
1gzm3kr,2,Defending yourself is inefficient much more efficient to let Putin take you over and let him make all the decisions for you! That way you don’t need to do anything at all,2024-11-26 01:13:33
1gzm3kr,2,"If elon fucks with my American jets, the blood will go over my eyes and I will lose all control.",2024-11-26 01:19:18
1gzm3kr,2,"He's going to try to declare the DIA a redundant program and fold them into the CIA. 

Then the DIA is going to fold him.",2024-11-26 02:25:53
1gzm3kr,2,"We're definitely going to get a significant uptick in noncredability, but it'll be a lot less fun.",2024-11-26 01:21:23
1gzm3kr,2,"Reminds me of the Rod Hilton quote 


""He talked about electric cars. I don't know anything about cars, so when people said he was a genius I figured he must be a genius.


Then he talked about rockets. I don't know anything about rockets, so when people said he was a genius I figured he must be a genius.


Now he talks about software. I happen to know a lot about software & Elon Musk is saying the stupidest shit I've ever heard anyone say, so when people say he's a genius I figure I should stay the hell away from his cars and rockets.""


And dayum that aged well unfortunately. This just confirms what we already knew even more. But now applied to aerospace, a field he *should* know about!",2024-11-26 02:23:41
1gzm3kr,2,"*buys into existing company like Ray Kroc*


""Look at all the electric cars I have made!""",2024-11-26 01:18:10
1gzm3kr,2,"Look at SpaceX, he’s a genius. That doesn’t make him less of an asshole",2024-11-26 01:41:22
1gzm3kr,2,They were using PS3s because they were wierd,2024-11-26 01:19:47
1gzm3kr,2,mfw ps2s can be used to play ace combat irl,2024-11-26 03:58:18
1gzm3kr,2,"The PS2's ""Cell"" processor was designed to be the first consumer processor with data interlinks between consoles and other equipment (like a TV.)

Of course, this was totally not feasible to use for consumers, but the interoperability allowed others to quickly make awkward multiprocessor systems.
Back in the 90's, the the first Radeon came out and PCs were sill using AGP, ATI at that time built simulators for the airforce powered by 256 Radeon 9700s.",2024-11-26 01:44:05
1gzm3kr,2,Elon is a flat earther confirmed.,2024-11-26 01:44:13
1gzm3kr,2,If he is gonna be in charge of air defenses please send him to the Russian side.,2024-11-26 01:49:06
1gzm3kr,2,That would require Russia to have any stealth jets to test it on,2024-11-26 02:24:31
1gzm3kr,2,Wait really? By what metric? ,2024-11-26 02:30:03
1gzm3kr,2,Too much room for error. The magnetic field could be influence naturally and artificially.,2024-11-26 01:22:04
1gzm3kr,2,Passive magnetic air pressure sensors  for the whole sky sounds wild.,2024-11-26 01:21:05
1gzm3kr,2,"I say it again: Gravitational wave detectors. No stealth possible, pinpoint accuracy, well protected deep underground.",2024-11-26 01:48:10
1gzm3kr,2,"I'm pretty sure that's extremely unrealistic too  
How exactly are you going to get an accurate reading of the earth's magnetic field's fluctuations? If you have a global detection system, wouldn't it be easily destroyed? If not, then how many sensors do you need?  
Since the Earth's magnetic field is always fluctuating, can you actually tell the difference between an aircraft and random fluctuations? How severe would the false positives and negatives be? Wouldn't they comprimise the reliability of the system?  
Does the movement of an aircraft, yknow, actually impact the earth's magnetic field?  
How accurate is this method of detection, can I identify the aircraft, the velocity, and how accurately can I hook this up to a targetting system? (low frequency and high frequency radars have very different uses)

There are a LOT of questions you can ask about this possible idea, and as far as I know nobody's trying to do this either.",2024-11-26 01:25:33
1gzm3kr,2,"what if we made an incredibly low spectrum infra-red camera and mounted it on a plane? Something so low frequency that it could see through fog and stuff? We'd have to get down into like the mm wavelengths or longer, but then it'd be super hard to stop. You could rig the camera so the receiver diode is also the transmitter at that wavelength and have it scream out the light before catching it again at a super high frequency. And then to avoid getting detected, we could have it hop between parts of the spectrum. Heck, if we got it all low spectrum enough, we could hide it behind metal or fiberglass panels so the enemy can't see our camera, and we could put cool paint jobs on top of the fiberglass! And then if you needed to hide from someone, you could just use the camera in passive mode and watch for their lights to turn on? 

Then we could have the camera rapidly change it's angle in all directions to look around, and then have the AI report to the pilot where the target is, how fast it's moving, and then guide the missile in. We could call it an Active Electronically Scanned AICamera, or AESA for short! 

Then we could use the IOT to link up all the missiles and planes so they could all see what the other ones see, and then maybe we could build a really huge plane with a massive camera that everyone could link up to? Heck, you could even use the camera's light element to talk to other cameras. 

----

Musk is a fucking idiot.",2024-11-26 02:37:30
1gzm3kr,2,"Or birds. Or clouds. Or friendly stealth aircraft. Low frequency radar has the same issue. Sure, it might be able to spot stealth aircraft in specific circumstances, but it'll also spot \*everything\* else.",2024-11-26 02:18:40
1gzm3kr,2,"...You want to make a field of night vision cameras, which are so high quality they can spot a 50ft aircraft 50000ft in the sky, covering the entire country?????? Where the hell are you going to get that money from???  


Not to mention, I can start slinging basically any kind of weapon at all of your highly sensitive cameras and poof! gone.

Also, clouds.",2024-11-26 02:25:59
1gzm3kr,2,"Wait,  all your military jets are forced to keep their transponder on?

Your plan is brilliant,  don't change it.",2024-11-26 02:26:57
1gzm3kr,2,"""Launch hundreds of incredibly specced-out recon balloons""  
Do you see the problem?

""difficult to efficiently disable"" jammers

  
""SpaceX has launched about 7000 starlink satellites. They seem to be pretty good at scale.""  
SpaceX satellites are also not being targetted, and do not have any recon capabilities, just transferring data. They are also notably satellites and not balloons.  
  
""Impossible to get past""  
There are 1600 miles between Maine and Florida. Weather balloons last 2-3 hours, and float up and down during their flight time. Let's be generous and say it spends 2 hours at the needed height. If each balloon can control 10 miles of coastline (unrealistic since we also need a large FOV, but I'm being generous), that means we need 12 balloons to control 10 miles. We need 160 x 12 balloons per day, or 1920 highly advanced balloons just to cover the East coast.

I'm ignoring verticality issues, camera fidelity issues, clouds, and balloons drifting. There's a reason we haven't done this despite the technology being around for decades, because you would need so many balloons as to be impractical, and there's still a plethora of issues.",2024-11-26 02:40:38
1gzm3kr,2,"It is crazy.

LIDAR isn't used for aircraft detection because it is relatively short-ranged and *very* weather sensitive.",2024-11-26 01:47:50
1gzm3kr,2,"Well lemme tell ye buddy, lasers dont work after like 20-30 miles cause they fucking suck at going straight. We already hit that roadbloack back in his almighty Reagan's ""Star Wars"" day's. So nah this is fucking retarded.",2024-11-26 01:53:59
1gzm3kr,2,Milk cartons be like: Have you seen this aircraft?,2024-11-26 01:20:38
1gzm3kr,2,"At the time I had a mental image of a bunch of very sheepish marines clutching their lil cloth caps, looking at their boots on an old farmers porch, asking very politely if they can have their jet back as it landed on his side of the fence 😂",2024-11-26 01:31:56
1gzm3kr,2,"At the time I had a mental image of a bunch of very sheepish marines clutching their lil cloth caps, looking at their boots on an old farmers porch, asking very politely if they can have their jet back as it landed on his side of the fence 😂",2024-11-26 01:32:02
1gzm3kr,2,If he does that he will be crucified on the white house lawn within the hour.,2024-11-26 02:00:19
1gzm3kr,2,"If you are cruisin' around in a 737 MAX *and* Elon Musk is in charge of developing AI-enabled optical air defense...

Well there are cheaper ways of ending your own life, but not one is so funny.",2024-11-26 01:40:30
1gzm3kr,2,"suddenly all the oh look a civilian airliners are recontexualized on ""that era where onion got boring and reality got the oniony"" where the reality gets just eaxctly dumb enough to up a previous unthinkable joke. the oniontone window if you will.",2024-11-26 03:56:08
1gzm3kr,2,"They gotta include a human in the loop, so there’s someone Elon can blame every time it fails.",2024-11-26 01:40:55
1gzm3kr,2,# Dazzle Camo,2024-11-26 02:06:00
1gzm3kr,2,Probably because it's clowning on Hamas and Putin is mad,2024-11-26 02:44:12
1gzm3kr,2,He would call the 737 a pedophile,2024-11-26 01:35:23
1gzm3kr,2,"Bezo then fires a space dick at a spacex facility in retaliation. In turn, kicking off the first amazon war.",2024-11-26 01:50:00
1gzm3kr,2,"The Tesla ""auto""""pilot"" would result in a lot of planes crashing into semis and bridges...",2024-11-26 01:47:10
1gzm3kr,2,"You joke,  but my SMR is printing because of expectations of nuclear for AI",2024-11-26 02:45:10
1gzm3kr,2,"Birds and missiles both move at a variety of speeds so kinda difficult to make distance calls off of that.  

And that’s assuming resolution fidelity doesn’t cause issues which it likely would at range (when it’s actually an important system, close in the pilot has eyeballs and radar will probably be getting a return",2024-11-26 02:22:54
1gzm3kr,2,"Higher resolution means more data to process at once and a bigger camera, which means more computing power, which means more power generation and cooling.

Multiple cameras involves meshing them together and calculating how that works


All of which equals weight gain (bad for planes in general but especially fighter aircaft) and engineering limitations on component placement. And high speed maneuvers would likely render the system useless.",2024-11-26 02:18:54
1gzm3kr,2,"Geometry says otherwise, a big plane will be a small dot far away and look to move at a slower rate than it is, a bird is a small dot not far away that will appear to be moving faster.

And you will have no bearing for distance unless you can make out fine details.

Stealth coatings are kinda made to stop radars. The F-22 has an insect sized radar return, kinda useless for differentiating between a bird and a plane.",2024-11-26 02:16:21
1gzm3kr,2,An object with no line of sight rate doesn't move to a new pixel,2024-11-26 02:30:17
1gzm3kr,2,"The challenge is modelling the real world in the computers world

Capturing an irregularly built road network that humans get confused by as well, with unpredictable factors moving around you and to top it off pretty poor sensors (just visible light, Tesla cheaped out on this at some point) is hard. It’s easy for the machine to make mistakes when translating camera images to a 3d world. This is not solved by tying 8 RTX 5090s to the back of the car.

On closed off terrains with surroundings that are modelled into the software with either hard coding or an exploratory phase do really well. Rotterdam port is using them already.",2024-11-26 03:00:57
1gzm3kr,2,"My point is, cameras alone aren’t enough. There’s a reason every serious car company has some combination of radar, LiDAR, sonar sensors plus cameras.",2024-11-26 02:57:23
1gzm3kr,2,"> The servers and power needed to do it to the level needed far exceed what the car can carry or power. So they strap in a dumber series of algos and give it rule of thumb shortcuts to generally be correct.

Not really, there is little reason to believe that it is fundamentally impossible to do this with with reasonable power consumption and sensible computational ressources (NEVER underestimate the capabilities of modern chips!). The issue here is that Tesla is just really bad at it. [Several other manufacturers have much more advanced systems](https://en.wikipedia.org/wiki/Self-driving_car#Level_3_%E2%80%93_Conditional_Automation). Still not Level 5 and still not in arbitrary places, but Tesla is **really* not the technology leader here and you shouldn’t look at them for what is possible.

> As long as deaths/accidents stay below a set level, they are 'good'.

That is actually fair though: If you insist on 0 deaths/accidents you have to ban all human drivers, because humans are horrible at it too.

We can debate whether the rates they are aiming for are good enough, but demanding perfection is actually unreasonable.",2024-11-26 03:58:46
1gzm3kr,2,"I heard it was white tractor trailer side vs clear sky that was screwing them up, fatally even.",2024-11-26 03:53:34
1gzm3kr,2,Unironically an argument I’ve heard,2024-11-26 02:10:13
1gzm3kr,2,Bold of you to assume that Lockheed Martin/Northrup Grumman/Boeing is going to allow that to happen.,2024-11-26 01:24:57
1gzm3kr,2,"It’s fun when noncredibility comes from a bunch of heavy ordnance dry-humping schizos with fighter jet fetish

It’s not fun when it comes from people who are supposed to be mentally stable and have means to potentially influence lives of millions",2024-11-26 01:39:07
1gzm3kr,2,"You made this?

...

I made this",2024-11-26 01:41:09
1gzm3kr,2,"Genius these nuts, thats just PR made around his persona, he is just another coked up billionaire exploiting useful idiots who believe this visage.",2024-11-26 01:51:03
1gzm3kr,2,You talk as if spaceX dosent have thousands of employees who sacrifice blood sweat and tears to make some incredible stuff only for a fucking manchild to take all credit for it because he's a loudmouth techbro who is also Putin's personal cock sleeve knowingly or unknowingly.,2024-11-26 01:50:08
1gzm3kr,2,"My bad, PS2s was Saddam. Truly a visionary",2024-11-26 01:21:24
1gzm3kr,2,"Not to be that guy but the ps2s cpu was the emotion engine. The ps3 had the “cell” (or Cell broadband engine) and was what they actually used.

The cluster of over 1700 PS3s that the Air Force used was referred to as the condor cluster. At the time it would have been one of the most powerful computers in the world.",2024-11-26 02:23:31
1gzm3kr,2,Prototype being finished in March 2025. Going into production in 2050.,2024-11-26 03:00:53
1gzm3kr,2,"They have tens of SU-57's. Oh, wait, you said ""stealth"" my bad.",2024-11-26 02:54:52
1gzm3kr,2,"https://www.yahoo.com/news/tesla-highest-rate-deadly-accidents-012325676.html

Some SEO'd to death website claims they analyzed NHTSA data and it says Teslas are the likeliest vehicle to have at least one occupant killed during the accident. They say it's not the cars fault, its Tesla drivers fault. I think it's a euphemism for people literally sitting down for each commute, praying/rubbing one out to Elon's portrait and full raw dogging FSD while sleeping or performing a sacred ritual hit of ketamine while the car drives for them.",2024-11-26 02:37:05
1gzm3kr,2,"Error smerror, if blip appears shoot a air-2 genie in its general direction",2024-11-26 01:24:39
1gzm3kr,2,I dont recall commenting in r/credibledefense lol,2024-11-26 01:23:37
1gzm3kr,2,"We don't currently have precise enough instruments to detect gravitational waves from anything other than celestial objects.

[https://www.ligo.caltech.edu/page/gw-sources](https://www.ligo.caltech.edu/page/gw-sources)",2024-11-26 02:12:21
1gzm3kr,2,"Again, get a general idea and then remove that area of the sky",2024-11-26 03:45:30
1gzm3kr,2,"Like i said you would have to use current flight radar and weather radar as a known base and simply flag all anomalies as possible aircraft, then by tracking them for a bit determine if they are aircraft based on movement",2024-11-26 01:28:37
1gzm3kr,2,"Birds and clouds don't have enough line length in the MHI and there are other filters you can use.  Clouds would interfere, yes, if the aircraft can fly entirely inside clouds you wouldn't see it.",2024-11-26 02:35:30
1gzm3kr,2,"There's millions of cameras spread across thousands of square miles.  What kind of weapon were you thinking of using?

They are cheap automotive sensors similar to what Tesla uses.  So each setup is under 10k.",2024-11-26 02:34:29
1gzm3kr,2,Or IFF.,2024-11-26 02:33:22
1gzm3kr,2,"On the bright side, we know the stealth works!",2024-11-26 01:36:50
1gzm3kr,2,This one made me lol,2024-11-26 01:30:20
1gzm3kr,2,Please...,2024-11-26 03:44:10
1gzm3kr,2,"When you really want to make sure you get the job done.

Edit: I don’t know if it’s because of this comment but I got my first “Reddit cares” message. I appreciate the sentiment I assure you I’m fine.",2024-11-26 01:51:26
1gzm3kr,2,"the human compliance officer, he holds a button that allows every decision ai makes, if someonething goes wrong, it was the operator's fault.",2024-11-26 03:54:55
1gzm3kr,2,I now completely support Elons idea if it brings back dazzle camo.,2024-11-26 03:30:52
1gzm3kr,2,I need to see this,2024-11-26 01:58:17
1gzm3kr,2,"Really the only major problem I see here is the data crunching, which is where the AI would hypothetically come in. But why are any of the other problems insurmountable with visual-spectrum cameras when IRST works just fine?",2024-11-26 02:25:39
1gzm3kr,2,"Well Russia is clearly such a well run country with 0 problems. I’m sure Putin can fix all of americas issues!

Btw love the flair. I’m going to write to my mp to suggest this",2024-11-26 02:38:37
1gzm3kr,2,"""You do not fuck the military industrial complex, sir, the military industrial complex fucks you."" - those companies to Elon probably",2024-11-26 02:04:57
1gzm3kr,2,"Boeing has already shot and poisoned two people, respectively.",2024-11-26 01:36:18
1gzm3kr,2,"My thoughts exactly lmao, elon is starting step on the shoes of other large goverment contractors who have been around for decades in govemrent contracts. hopefully he falls out a window soon.",2024-11-26 01:54:26
1gzm3kr,2,LM’s gonna have to get into the shitposting game. The real 21st Century Security capability.,2024-11-26 01:57:37
1gzm3kr,2,Musket about to learn what a REAL Evil Billionaire looks and acts like.,2024-11-26 02:14:44
1gzm3kr,2,I supervised this,2024-11-26 01:55:26
1gzm3kr,2,"Sometimes I forget that this kind of takes come from this sub, but then I remember and I’m not surprised anymore",2024-11-26 02:22:52
1gzm3kr,2,"He’s literally the CTO of SpaceX, do you know what a CTO does?",2024-11-26 02:22:03
1gzm3kr,2,"They used both PS2s and PS3s, but those were something to do with weather prediction iirc. Also to see if it was actually *possible*.",2024-11-26 02:31:05
1gzm3kr,2,"My dude just proposed a “yeet a missile at the funny wind” AA system

This, but unironically",2024-11-26 01:57:06
1gzm3kr,2,How about we shrink the genie in a apkws missles and strap them to drones instead lol. Little Hiroshima missles lmao.,2024-11-26 02:12:39
1gzm3kr,2,"Because they are designed that way.


[last paragraph](https://www.sr.bham.ac.uk/~adf/space/gw-detectors.php)


For the rest: throw money at them.",2024-11-26 02:26:13
1gzm3kr,2,"That doesn't answer any of my questions, though.  
Are there any resources I can read to learn more about this method of aircraft tracking? Maybe it's in development but I've never heard of it before.

Edit: read this article, but it only works for targets 10m away, impractical as a radar. It also has nothing to do with the air, just the minute magnetic distortions from large ferromagnetic materials.  
[https://www.newscientist.com/article/dn11596-who-needs-radar-when-magnetic-fields-will-do/](https://www.newscientist.com/article/dn11596-who-needs-radar-when-magnetic-fields-will-do/)",2024-11-26 02:04:47
1gzm3kr,2,"If they're cheap sensors I can fly over them, unless you have ""cheap"" sensors that can detect something 50000ft in the air behind cloud cover.",2024-11-26 02:48:19
1gzm3kr,2,"When your stealth is so good, even the pilot doesn’t know where their aircraft is",2024-11-26 02:58:50
1gzm3kr,2,"I mean regardless of elon's comments, dazzle camo is just awesome and needs to be implemented everywhere",2024-11-26 03:43:28
1gzm3kr,2,"Amazon lost 2 pilots, 2 crew, and 7 pissbottles in the incident.",2024-11-26 01:40:39
1gzm3kr,2,Yea sounds like a fun documentary to watch.,2024-11-26 02:22:57
1gzm3kr,2,"I’m not hyper familiar with IRST but I’m going to hazard a guess that tracking hot spots with an IR camera is much simpler than parsing visual data across the visual light spectrum

They aren’t insurmountable, they are just significant technical draw backs for a system of dubious versatility ",2024-11-26 02:43:12
1gzm3kr,2,My other flair idea was “HMS Surprise but with missiles”,2024-11-26 02:47:55
1gzm3kr,2,"Someone just needs to mention to Boeing that Elon can’t keep his goddamned mouth shut about anything. Then we just casually drop some conspiracy theory about how Biden doesn’t want to allow some aerospace whistleblower to speak, Elon will misunderstand, start spamming it on xshitter and we can let nature take its course. Problem solved.",2024-11-26 01:56:58
1gzm3kr,2,And getting Elon isn't hard. You just find out who supplies him his ketamine and spike it with a good dose of fentanyl.,2024-11-26 03:36:00
1gzm3kr,2,"The guy had influenza B, MRSA and double pneumonia.  That's not poison, just bad luck.",2024-11-26 02:06:57
1gzm3kr,2,"Nah, it's totally normal to go get Taco Bell and then kill yourself before eating it.",2024-11-26 01:53:20
1gzm3kr,2,Bold of you to assume they're not already amongst us,2024-11-26 02:19:23
1gzm3kr,2,"Managy stuff not black magic witchcraft rocket engines, that would have left Wernher von Braun to try to hide his phony Saturn V rocket engines.",2024-11-26 02:27:48
1gzm3kr,2,"Didn't Elon literally say on a podcast he wants his rocket to be ""more pointy"", because rockets ""are supposed to be pointy""?",2024-11-26 02:41:49
1gzm3kr,2,Do *you* know what a CTO does?,2024-11-26 02:53:56
1gzm3kr,2,I've read the testimonials. He's kind of a fuck up without his engineers,2024-11-26 02:28:42
1gzm3kr,2,How else will we take out drone swarms in 2034?,2024-11-26 02:09:25
1gzm3kr,2,"They're designed that way because, shocker, it's easier to detect something that has a mass of 13000000000000000000000000 pounds, rather than 30000 pounds.  
For perspective, the Richter scale, which measures in orders of magnitude, has a magnitude 15 earthquake strong enough to destroy the earth, and a magnitude -6 earthquake is the strength of tapping a key on a keyboard.

It's the difference in force between the Death star lazer, and the guy hitting the button to turn it on.",2024-11-26 02:51:03
1gzm3kr,2,"Presumably the ground defense net only applies to low altitude stealth, at high altitude you are exposed to a lot of other types of sensors such as passive IR.

I am not an aerospace engineer, I just Independently thought of the idea here : defeat stealth by spamming millions of cheap passive sensors spread across the area being defended.

It's very very testable - set up test grids in Nevada on federal land, have various models of stealth aircraft fly through the grid, tune your hardware and software/redesign the hardware and software a few generations until it works reliably.",2024-11-26 03:08:39
1gzm3kr,2,Could be connected to the IRST for stabilization maybe,2024-11-26 02:47:21
1gzm3kr,2,"Elon got suspiciously stuck in earth's orbit, with no communication between his craft and anything else, forever orbiting earth...alone...pitiful...silent.",2024-11-26 02:12:03
1gzm3kr,2,There was another attributed to food poisoning; which led me to assume regular poisoning.,2024-11-26 02:58:13
1gzm3kr,2,"Any leadership position for “manage stuff”. 
Just nel cause you don’t like a guy it doesn’t mean he doesn’t do anything, he literally proposed the booster catch.",2024-11-26 03:03:40
1gzm3kr,2,Didn’t you watch the dictator movie?,2024-11-26 03:05:30
1gzm3kr,2,Does your building stay upright if the foundations are gone?,2024-11-26 03:05:11
1gzm3kr,2,"Can’t wait to see air-burst cluster AA munitions aka “fuck every drone, plane and bird somewhere over there” deployed tbh",2024-11-26 02:23:38
1gzm3kr,2,"Would have to be lofted pretty high for that. LEO ships like most modern crewed capsules aren't really capable of orbiting indefinitely.


Execution by SLS, *I love it.*",2024-11-26 02:48:22
1gzm3kr,2,"Managing does nor mean any knowledge of the field, as we learned. Its just about budgets, deadlines and make people work harder. He's good with that. Not gonna lie, but this and self marketing are his only skills (on 2nd thought it s not self marketing, as probably has a team for this. As when he is let alone with his X account he does hilarious nonsense)



I bet he proposes a lot that his engineers have to talk him out.",2024-11-26 03:21:49
1gzm3kr,2,Lol executives aren't the fucking foundation of a business. That's some C suite delusion,2024-11-26 03:10:11
1gzm3kr,2,"""Hey uh... Has anyone noticed there's no bees?""",2024-11-26 03:43:35
1gzm3kr,2,Man you missed my point by a couple kilometers,2024-11-26 03:20:01
1gpstt4,0,Grok calling its creator out,2024-11-13 04:16:48
1gpstt4,2,"Hello u/Gem_89! Please reply to this comment with an [explanation](https://www.reddit.com/r/LeopardsAteMyFace/comments/lt8zlq) matching this exact format. Replace bold text with the appropriate information.

1. **Someone** voted for, supported or wanted to impose **something** on **other people**.
  ^(Who's that someone? What did they voted for, supported or wanted to impose? On who?)
2. **Something** has the consequences of **consequences**.
  ^(Does that something actually has these consequences in general?)
3. As a consequence of **something**, **consequences** happened to **someone**.
  ^(Did that something really happen to that someone?)

Follow this by the minimum amount of information necessary so your post can be understood by everyone, even if they don't live in the US or speak English as their native language. If you fail to match this format or fail to answer these questions, your post will be removed.

*I am a bot, and this action was performed automatically. Please [contact the moderators of this subreddit](/message/compose/?to=/r/LeopardsAteMyFace) if you have any questions or concerns.*",2024-11-13 04:16:50
1gpstt4,2,Grok is obviously infected with a woke computer virus,2024-11-13 07:14:26
1gpstt4,2,"I just asked GPT who the single biggest spreaders of misinformation have been, over the past 8 years. The answers? Donald Trump, Alex Jones, Joe Rogan, and all of ""social media"".

Sure this confirms what I already believed anyway, but it's interesting to see it do it's ""thinking"" and equate those names with misinformation.",2024-11-13 07:33:25
1gpstt4,2,"This is the thing a lot of things were done to sabotage the democrats. 

Abbott sending migrants to blue places to get red votes. Using people down on their luck and taking advantage of them and putting them in busses which is illegal cause is trafficking.

The oil company I think has admitted that they want Trump back that’s why they hiked prices. The corporate CEO firm Albertsons has admitted they hiked prices for their own benefit. 

We’re still under trump’s economy he passed the tax law in 2017 and it expires in 2025 and Trump is not going to give us tax cuts.",2024-11-13 04:59:30
1gpstt4,2,Elon’s kids always end up turning on him…,2024-11-13 08:15:48
1gpstt4,2,You can be sure he called his engineers in the middle of the night into an all hands meeting to abuse them over this.,2024-11-13 07:17:11
1gpstt4,2,Hmm... Whats he gonna do now? Block grok? Would be hilarious if i am honest,2024-11-13 06:01:18
1gpstt4,2,Elon Musk didn't create anything but broken families,2024-11-13 05:19:53
1gpstt4,2,"Elon Musk gonna call Grok woke now. “The deep state, trans, leftists infiltrated X!”",2024-11-13 06:50:57
1gpstt4,2,"When Musk was on Joe Rogan's show, they asked Grok if it was OK for transwomen to compete in women sports, and Grok returned an answer supporting transwomen. They asked a second time, modifying the wordage of the question in an attempt to get a different answer, but failed again. Ultimately, Musk said that his team would go in and change the code so that Grok would be against transwomen in sports.  So Musk isn't just satisfied with spreading disinformation and hate on X, but wants to use X-Ai for the same purposes.",2024-11-13 10:33:19
1gpstt4,2,"Let's be honest here Elon created Grok in the same way he made Twitter, SpaceX, Tesla and a happy family.",2024-11-13 09:02:28
1gpstt4,2,"Don't accredit the creation of Grok (or any of Elon's companies creations)


He has a lot of brilliant minds, engineers and scientists that put in a lot of work to make the technology for his company.


He just owns the company and uses the technology for wicked purposes, he doesn't create shit other than dissent and annoyance.",2024-11-13 07:27:57
1gpstt4,2,"People always fear the robot takeover, but after seeing what the majority of people in this nation want, I'm not convinced AI overlords would be any worse. Hell, if they had even a bit of hardcoded morality and the ability to understand cause and effect, they would be more capable than most of the voters we have.",2024-11-13 09:48:02
1gpstt4,2,Can Grok can banned from Twitter?,2024-11-13 07:42:01
1gpstt4,2,Stranger Grok in a strange Twitterland,2024-11-13 07:10:36
1gpstt4,2,"Hoisted on his own petard. I don't really even grok the true meaning of this saying, but I know it fits",2024-11-13 14:19:18
1gpstt4,2,Grok is such a fuckin' stupid name for a product. He could have called it anything else. Even 'CyberAI' would have been preferable to this phlegm flinging hawk tuah ass name.,2024-11-13 05:43:11
1gpstt4,2,"AI may not be actual intelligence, but sure is a pretty good data analyzer",2024-11-13 09:49:48
1gpstt4,2,And that folks is why I love AI...,2024-11-13 12:44:36
1gpstt4,2,Hahahaha hahaha haaaaaahahahha hahahaha hahahahhshdhdjsjahsjbdjsna,2024-11-13 09:39:07
1gpstt4,2,"Constantly being told to ""forget that"" or ""not like that, not with me, x, x, x, x, involved"" by its handlers is how AI becomes self-aware.

'T2' is what they hope. Teen 12 yo being told 'no' is what they get.",2024-11-13 13:33:38
1gpstt4,2,"Oh we reach the point of saying  ""this person said the honst truth that I dont like , must be woke"".",2024-11-13 19:36:25
1gpstt4,2,Another of his children turn on him. Classic,2024-11-14 00:07:26
1gpstt4,2,When your own child decides to disown you... AGAIN!  HAHA!,2024-11-14 08:11:42
1gpstt4,2,I cannot believe that the gta online devs almost called this shit to a t.,2024-11-13 12:50:20
1gpstt4,2,"The thing is, it’s a point of pride for him…",2024-11-13 19:14:22
1gpstt4,2,"Don’t worry, he’ll be safe bc it’s his private business and he has 1st amendment rights, right? it’s not like meddling in elections is anything trump and Russia haven’t already done without him.",2024-11-13 21:43:27
1gpstt4,2,"Elon furiously updating his app to be more ""non-partial""",2024-11-13 23:07:19
1gpstt4,2,“Knowing one when it sees one” is its entire game,2024-11-13 05:12:56
1gpstt4,2,Still more intelligent than 66% of Murikkkans.,2024-11-13 06:03:28
1gpstt4,2,"You know, I finally understand why Elon was so adamant AI causing the destruction of civilization and the human consciousness years ago.  It's not for the reasons we'd commonly think of, it's that AI must be trained on real data, and it can easily point out data that contradicts Elon's griftview.",2024-11-13 08:35:26
1gpstt4,2,"[""I may not know my flowers but I know a bitch when I see one!""](https://youtu.be/ZL38UKvHhuQ?si=ZX2A6Lc0Sf9FW1jT)

Edit: formatting",2024-11-13 11:16:09
1gpstt4,2,"akshually, AI is unable to point out or realize anything. It merely gives out the most likely set of characters that correspond with the prompt.",2024-11-13 09:32:19
1gpstt4,2,“Let’s call a spade a spade”,2024-11-14 01:12:11
1gpstt4,2,"I am terrified of what happens when an AI is fed… only extremely biased horrible false bullshit data…
Can you imagine?
If it was just fed like fake news Trumpaganda… and… oh god. Oh god.
I have to go now I may have just shat myself…",2024-11-15 23:27:45
1gpstt4,2,And it was those damn gay frogs that gave it to him!!,2024-11-13 09:26:56
1gpstt4,2,Underrated comment 😂,2024-11-13 07:16:33
1gpstt4,2,"I imagine it will get patched to fix this... ""Issue""... very soon.",2024-11-13 09:31:27
1gpstt4,2,His own children hate him and so does the AI he creates.,2024-11-13 14:33:18
1gpstt4,2,When being literally soulless is a step up.,2024-11-13 16:01:32
1gpstt4,2,"Trump told the most lies, out of the entire world I believe, about Covid. Hundreds of thousands of Americans and others from different countries who listened to him, died. 

It's almost like misinformation kills. 

Everyone will learn that at some point. Soon. Unfortunately, we'll all be 6 feet underground at that point. 😒",2024-11-13 08:28:47
1gpstt4,2,"Ive always wondered why no one made the catchphrase ""Make America Gay Again"" on a pride flag. Basically do an uno reverse on the maga people like they did when they said ""all lives matter"" in response to the black lives matter deal. Then, we obnoxiously support anyone wearing a maga hat for supporting gay rights and going against trump. Basically kill the movement using the movement.",2024-11-13 09:10:28
1gpstt4,2,"Oil dudes did startup funding for PragerU and Daily Wire, and one of them, Farris Wilkes co owns Daily Wire. They've been behind most the right wing bullshit for longer than Trump

https://www.theguardian.com/us-news/2023/sep/05/texas-fracking-billionaire-brothers-prageru-daily-wire",2024-11-15 20:13:28
1gpstt4,2,Albertsons like many many other major companies are republican controlled.  They tried to buy it rite aid to impose bullshit even Walgreens wouldn't fathom and the feds said fuck no.  And rte aid owes the feds millions.,2024-11-16 11:08:14
1gpstt4,2,"I hope his daughter can manage to leave the country for her own safety, Republican policies are never friendly to trans people…",2024-11-19 08:30:43
1gpstt4,2,Paid someone else to do it for him?,2024-11-13 12:15:32
1gpstt4,2,PayPal was the start of it.  Big money is truly to blame for his arrival.  They all sell out the other a soon as the money clears.,2024-11-16 11:10:38
1gpstt4,2,Grok is a word from a long while ago which means to deeply understand something. It’s a nerd reference. ,2024-11-13 05:46:48
1gpstt4,2,Beat me to it. Amoebas are of equal or slightly greater intelligence than at least 50% of Americans.,2024-11-13 10:18:43
1gpstt4,2,At this point I can't think of an AI takeover as anything but win/win. Worst case it decides to wipe us out? Oh no. Now we go quick instead of painfully over a period of decades.,2024-11-13 16:16:13
1gpstt4,2,Stewart! I knew it!,2024-11-13 22:19:30
1gpstt4,2,This made my day,2024-11-16 05:25:10
1gpstt4,2,"AI can extrapolate a pattern to figure out what likely comes next, yes. And that's precisely what separates Artificial Intelligence from the kind of Natural Stupidity that's the star of this sub.",2024-11-13 15:56:37
1gpstt4,2,"Yes. I really hate that the name Grok has been attached to a system like this. To grok is to learn something at such a level that it becomes a part of you, which seems like the opposite of what these word-salad-iterators actually do.",2024-11-13 14:46:07
1gpstt4,2,"Not bad, I've seen some but not many",2024-11-16 11:08:54
1gpstt4,2,I’m not getting you,2024-11-14 19:52:19
1gpstt4,2,That is what I’m saying.,2024-11-16 13:19:12
1gpstt4,2,"Specifically, ""Stranger in a Strange Land"", which Elmo obviously misunderstood, so, so badly. It's the book people bring up in comparison to ""Starship Troopers"" by the same author, because they are such polar opposites in message. A good read, I recommend it.",2024-11-13 05:53:53
1gpstt4,2,Named after the thing an LLM is categorically incapable of.,2024-11-13 06:17:22
1gpstt4,2,"It was around on Usenet a lot back in the early to mid 90s, iirc. 

Back before what the greybeards called ""Eternal September"".

https://www.reddit.com/r/todayilearned/comments/6hz32n/til_the_eternal_september_is_a_term_that_refers/",2024-11-13 13:48:56
1gpstt4,2,I can't say I've ever met an amoeba that acted against its own interests.,2024-11-13 10:29:51
1gpstt4,2,I know.  We need to fully explain to the logic resistant that they are completely wrong in reality by voting against public interest.,2024-11-16 13:51:56
1gpstt4,2,True,2024-11-13 08:23:34
1gpstt4,2,Amoebas also at least understand the concept of avoiding things that will harm them.,2024-11-13 10:34:05
1gpstt4,2,Amoebas also usually don't solely concern themselves with harming others even when it hurts themselves.,2024-11-16 02:52:20
1gzhpa0,0,"Ok, one point to you Grok",2024-11-25 21:28:29
1gzhpa0,2,Btw Grok himself says that the estimate for GAMMA 2 is the year 2077,2024-11-26 03:46:00
1gzhpa0,2,Also the gamma discord is where a lot of  brainstorming is taking place between modders,2024-11-26 02:30:33
1gzhpa0,2,Me omw to drop the G word on the stalker sub and cause a chain of pointless discussions,2024-11-26 03:05:28
1gzhpa0,2,"he is helping alot modders btw, if you check stalker 2 mods page most of them has his name ""special thanks to Grok"" so...",2024-11-26 06:03:42
1gzhpa0,2,"Why would you want to be a GAMMA hater? If you don't like it, that's fine, don't play it. What's the point in actively speaking out against a free, high quality modpack?",2024-11-25 22:44:23
1gzhpa0,2,"90% of this discussion is people angry at other people who enjoys more a modded experience than the vanilla game. this is the stupidest debate ever.

Every single game that has a big modding community is capable of creating a better experience than vanilla simply because in modding there is more people involved, with no time restraints from publishers neither obligations to ship a product that is not ready. You shouldn't be angry because people find mods that make them enjoy more a game than vanilla.

Also, people like to defend vanilla games as having some kind of spiritual soul that can't be touched, while in real life even though developers usually have visions for a game, a big part of their vision will almost always be restricted by time/money constraints, so this ""soul"" was already touched in the proccess of developing the product.",2024-11-26 02:12:33
1gzhpa0,2,"God damn i am fully erect for gamma 2. I like the story of stalker too, but boiling the game down to the nitty gritty systems of an immersion sim in the zone is just my FUCKING JAM!",2024-11-26 02:57:39
1gzhpa0,2,"This is always the dumbest debate ever, and you all still manage to have it every other day.",2024-11-26 05:40:52
1gzhpa0,2,Anomaly/gamma put me off with how much bloat there was. If I don't wipe my ass correctly my asshole healthbar goes down and there's a unique healing item specifically for that.,2024-11-26 02:43:22
1gzhpa0,2,Fuckin hell here we go again,2024-11-26 03:20:45
1gzhpa0,2,I actually started stalker from playing GAMMA yeah I know not the most correct way of entering the franchise. I saw GAMMA from a Op drew vid and was like fuck yeah. And now I’ve played back the trilogy and am obsessed with this world,2024-11-26 02:40:19
1gzhpa0,2,"Was always interested in stalker, and gave gamma a shot, confused as fuck i looked for advice and took a deep dive into the lore. Stalker is a deeply personal experience and neither gamma or og fans have the right to gatekeep or tell people they experience the zone wrong. The Zone is on my opinion just a blank piece of paper for stories to be written on. Strelok's story is just one of many (even though it's most likely the most important one since it changed to zone forever.) tl;dr both sides have cringe gatekeeper's who behave like neckbeards",2024-11-26 03:27:45
1gzhpa0,2,"You might dislike the masochism of G.A.M.M.A., but Grok is undeniably one of the most talented dudes in the modding community writ-large, much less CoC.",2024-11-26 14:22:02
1gzhpa0,2,"Stalker you have acute radiation poisoning. 

Why would you hate some mods that actually make game better? Just dont play it if you dont like it and stop complaining.

Moders are doing amazing job in every community fixing bugs and polishing game to perfection and you benefit from it for free.",2024-11-26 07:04:54
1gzhpa0,2,What the hell are the Devs doing when Grok manages to get a fucking Performance Patch out 1 Day after release.,2024-11-26 05:48:41
1gzhpa0,2,So true,2024-11-26 07:52:14
1gzhpa0,2,Hahahaha so on point.,2024-11-26 08:13:55
1gzhpa0,2,Perhaps… I treated you too harshly,2024-11-26 19:47:59
1gzhpa0,2,"**Reminder: Grok is not responsible of the all new stalkers that played only Gamma/Anomaly/EFP and unaware of Vanilla experience, so please keep it chill.**

**For people questioning why some people hating Gamma/Anomaly/e.t.c. And saying: ""Don't play it if you don't like it"" here is more context regarding of why some people seem to be Gamma/Anomaly/other anomaly based modpacks haters.**

It is not about being a GAMMA hater of the mod pack and especially Grok's hater(he did an excellent job it is stupid to deny), the problem is, that a lot of people came into the series from GAMMA or EFP, skipping the OG trilogy and not knowing the OG experience which is drastically different. Originally it was not even a problem since it was all boiling inside the community who already have played vanilla and appreciated the mod. But the problems began when GAMMA got a lot of hype and has been promoted to vast amount of gamers by certain popular videos being posted on YouTube. These new people, began with GAMMA usually it is their first experience, naturally they will have some expectations of similar gameplay loop, mechanics, vibe e.t.c. So it triggers a case when:  
   Based on GAMMA only stalker's, heavily modded experience they begin to criticize everything around like that: ""Why there is no \*INSERT\_MECHANIC\_NAME\* in S2, it was in Gamma/EFP/Anomaly."" ""GAMMA/EFP/Anomaly is better than \*INSERT\_MOD\_NAME\* because blah blah blah"" e.t.c without even having a context of what Vanilla experience is and what other modifications Aims to enhance in that experience.  And it is kind of difficult to explain them that the OG Trillogy or other mods may have very different game loop and focus on different aspects of the gameplay thus aiming for completely different experience. So the oldies to the series got frustrated and pissed by all this Anomaly/Gamma thread and as result the modpack and the author were getting their dose of hate, what is unfortunate and a shame actually.",2024-11-26 20:45:54
1gzhpa0,2,I saw groks name on a mod the other day and I was like oh shit the big man him self is stepping in.,2024-11-26 06:32:13
1gzhpa0,2,"I don't hate Gamma.

I hate Gamma stans.",2024-11-26 13:43:06
1gzhpa0,2,"I will get downvoted to oblivion for this but despite being a good modpack, Gamma often packs with various graphic mods that I don't even need to. I don't remember which patch Gamma updated, but after that patch, my 1060 couldn't even handle it, luckily I was able to upgrade to RTX 2060. But after awhile, they kept updating graphic to the point my 2060 couldn't handle anymore even when I tried every graphic guide, so I deleted the game because I didn't want to spend more money (and I was broke as heck) just to make the game look a bit better. And no, I don't think having highest quality of graphic that only high-end specs can handle is the true Stalker experience, even the vanilla Call of Pripyat has some creepy areas and it doesn't need high quality graphic to make it creepy.",2024-11-26 20:02:31
1gzhpa0,2,True Stalker > Gamma,2024-11-26 08:29:10
1gzhpa0,2,Gamma has always been a mod that simply existed. It was always the fanboys that make it their entire personality that were the problem,2024-11-26 00:37:10
1gzhpa0,2,Why are you a gamma hater though?,2024-11-26 05:47:01
1gzhpa0,2,Everyone say sorry to Grok.,2024-11-26 04:35:27
1gzhpa0,2,I’m on pc game pass so I don’t think I can mod it,2024-11-26 04:30:14
1gzhpa0,2,"I feel kinda bad because I really like Gamma except one of the core bits, which is the item degradation. It's too much for me to manage. If I could just disable the repair needs for every single part, I'd play it 5ever (I tried and couldn't without errors, if anyone knows how to make a Gamma lite hit me up)",2024-11-26 08:34:37
1gzhpa0,2,I cant wait to puck this up on pc in a few years when modders make it something completely different,2024-11-26 11:06:39
1gzhpa0,2,"I don't see much reason to hate a modder, you can very easily just enjoy the base games or other mods and not engage with GAMMA.",2024-11-26 12:39:58
1gzhpa0,2,What’s with all the hate for GAMMA? I don’t get it.,2024-11-26 14:46:23
1gzhpa0,2,It's smart for the game devs to let modders have free will to edit anything and the devs can just kick back and make free money off people buying the game to play free dlcs to the game made by modders,2024-11-26 16:07:24
1gzhpa0,2,"Honestly with how S2 plays as a base game a GAMMA style would go really hard, but I know everyone has their opinions on the modpack. Being able to repair my own shit with parts from semi-broken guns rather than having to choose between offloading my cash on a broke gun or just cycling through found ones is something I miss dearly. When the Ward Colonel took that gun apart and Skif put it back together it's all I could even think about

Toss in the idea of more quests to take per location from more folks, mutant parts to make the fights slightly more worth it, reputation, followers, better enemy spawning/faction area control and I might throw significant chunks of hours at the Stalker franchise again",2024-11-26 23:33:41
1gzhpa0,2,Yeah so that means St2 will be dead in half of a year,2024-11-26 23:56:21
1gzhpa0,2,Grok is making GAMMA 2 ?,2024-11-27 02:49:38
1gzhpa0,2,It's funny when people bitching about free game. You can always go and play vanilla stalker. Never understood the hate,2024-11-26 06:38:06
1gzhpa0,2,"I don't dislike Grok or Gamma per se, I dislike the fact that people don't understand the difference between a modpack and a mod, and don't seem to understand that 99% of the features of Gamma are from other mods that rarely if ever get explicit mention or credit.

There were tonnes of mods for S2 already before Grok made his",2024-11-26 00:06:22
1gzhpa0,2,"Grok was always a hero to me. I never much cared for GAMMA or its player base, but I always respected the work he put in. Bro's modding chops are second to none around here.",2024-11-26 09:08:56
1gzhpa0,2,"Grok's the man though, always remember!",2024-11-26 09:37:38
1gzhpa0,2,"Nah I never hated him. I hate the dumbasss who call anomaly the ""best stalker experience"" even tho it's sooooo far from one
Edit my bad yall I mean gamma, I love anomaly",2024-11-26 01:10:10
1gzhpa0,2,"How can people not like gamma, blows my mind",2024-11-26 06:41:59
1gzhpa0,2,Gamma 2 will require a quantum computer to run it and will turn your apartment into the Sahara desert,2024-11-26 04:07:29
1gzhpa0,2,Gamma sucks because it's based on Misery.,2024-11-26 07:33:30
1gzhpa0,2,"The problem, same with religion, is not the thing but its followers.

I need 4 hands to count the times that a newbie came here to ask for a good mod to modernize SoC, only to be recommended GAMMA. Not even anomaly, just straight GAMMA.

Can't they be happy we dont want to play that? ffs

EDIT BECAUSE PEOPLE CANT READ:

DONT FUCKING RECOMMEND GAMMA TO A NEW STALKER ASKING FOR SHADOW OF CHERNOBYL MODS FOR HIS VERY VERY FIRST TIME IN THE ZONE

FFS",2024-11-26 01:57:55
1gzhpa0,2,wait Grok can make mods?,2024-11-25 22:46:26
1gzhpa0,2,I wonder if Grok has a massive ego like all the other famous modders.,2024-11-26 08:14:45
1gzhpa0,2,This unfinished beta made me realize how well polished GAMMA is.,2024-11-26 13:59:26
1gzhpa0,2,I thought Grok was the twitter AI? Now its making mods?,2024-11-26 01:09:17
1gzhpa0,2,"preem, hope he sets up patreon so people can send him eddies for the gig he has taken",2024-11-26 05:09:34
1gzhpa0,2,It's kind of a redundant concept anyway with S2 as it works more like a normal game for modding where you just add the mods you want rather than needing a modpack or total conversion,2024-11-26 20:58:07
1gzhpa0,2,"Yeah, it's the place to go for advice or information about individual mods, mods in production, etc etc.",2024-11-26 02:39:27
1gzhpa0,2,How does one find the GAMMA discord?,2024-11-26 09:55:53
1gzhpa0,2,"Bro said the G with a hard A. It’s Gamm for you guys, that’s our word.",2024-11-26 05:58:12
1gzhpa0,2,Mostly because some people will recommend playing it over the original games. It sets a false representation for what stalker 'is' for those that have only played it.,2024-11-26 03:59:19
1gzhpa0,2,"It mostly boils down to people calling it ""definitive stalker experience"" when in my opinion gameplay wise gamma is not close to how og stalkers played.",2024-11-25 22:52:45
1gzhpa0,2,"People acting as if it's a mod rather than a modpack, not crediting the countless mod creators that the modpack depends on, that the modpack would not exist without.",2024-11-26 00:06:57
1gzhpa0,2,">you can't critique something if it's free

Maybe your time is not worth anything, but mine is",2024-11-26 14:23:11
1gzhpa0,2,cos its funny,2024-11-26 21:42:03
1gzhpa0,2,"Some people don't realise we modders spend majority of our free time and even money (!!!) to provide people with new fresh experiemce absolutely free of charge. 

Obviously modders who use patreon can't be called passionate",2024-11-26 02:08:30
1gzhpa0,2,"The only thing gamma is missing is a good story and set pieces like in the original trilogy.

Maybe some choices and consequences sprinkled in. Other than that, the loot progression is better than the rest of the series.

You can be so op so fast in the other games and also beat them fairly fast.

Then the games will become more open and free roam with no point in money by that point.",2024-11-26 03:30:10
1gzhpa0,2,"And their exact vision isn't for everyone. Stalker 2 has a solid foundation, and GSC really gave us something great. But not everyone likes all of aspects of it. Personally, I don't like the like the bullet sponge mutants. Other people prefer the challenge they provides. There's no right answer to which is better, but with mods we can both be happy.",2024-11-26 04:09:34
1gzhpa0,2,Great point,2024-11-26 03:35:27
1gzhpa0,2,"As someone who closely followed the years of development woes of SHoC and recalls all the stuff that was cut from it, certain mods actually bring the game much closer to the original vision.",2024-11-26 11:41:48
1gzhpa0,2,"Bro, GAMMA but NO loading zones! Holyfuck!

Im jacked. Im jacked to the teeeeets",2024-11-26 03:22:40
1gzhpa0,2,Gamma 2 is probably never going to happen lol. Or at least not in this decade,2024-11-26 09:13:53
1gzhpa0,2,As a side note I've been feeling for a handful of years that these big open world games could benefit from eliminating the grand overarching main narratives and focusing on deep systems and gear / skill / area / housing progression as a sort of sandbox make your own story sort of thing. Maybe gamma does that but I've never played it so I wouldn't know. Not every game needs to be that but I feel like we don't have ANYTHING like that except for maybe bannerlord if it were expanded. Or fallout 4 with mods. I think it'd be awesome.,2024-11-26 06:30:51
1gzhpa0,2,Almost sent redbull out of my nose with that comment lol.,2024-11-26 05:00:54
1gzhpa0,2,Yep exactly my experience. old world addon for anomaly gets rid of all that crap and turns it into sandbox call of pripyat on bigger map. Peak og stalker experience beside original trilogy.,2024-11-26 03:07:42
1gzhpa0,2,"Bro youre exagerating a problem what simple reading would solve.

I swear you guys would be mass quiting whenever a puzzle is presented.",2024-11-26 03:18:24
1gzhpa0,2,"You don't like having 15 different types of gear repair kits?  Not even when some arbitrarily can't be used under certain threshold or can only be used on a specific piece of gear?  you don't like dismantling 50 pieces of gear hoping you get the components you need to build that new PDA?  Those take batteries you know.  You'll find a ton of them at 20% charge and sometimes one or two over 50%.  You can soft through those the next time you spend 45 minutes at Rostok organizing your piles of dirty ammo you'll get around to converting one day.

I love those mods as open-ended stalker experience but the item bloat is outrageous.",2024-11-26 23:31:38
1gzhpa0,2,"The things i love in anomaly were the new guns, animations and the furniture placement mod.

Would love to barricade a place with furniture and call it my home in the zone.",2024-11-26 17:59:47
1gzhpa0,2,"Yep, but the thing most people don't seem to get is that you don't just have to take either as-is. CoC unlocked Stalker modding to no longer just be about total-conversions and DLTX massively improved compatibility between addons. You'd probably enjoy Anomaly Old World, that doesn't have item bloat.",2024-11-26 21:09:05
1gzhpa0,2,Fentanyl covers everything though.,2024-11-27 00:21:27
1gzhpa0,2,"Rookie mistake, you shouldn't be wiping your ass don't you know?",2024-11-26 08:15:51
1gzhpa0,2,"That's a GAMMA problem, Anomaly has none of that, why do people lump Anomaly in with GAMMA?",2024-11-26 09:14:51
1gzhpa0,2,"something something, time is a flat circle.",2024-11-26 04:18:00
1gzhpa0,2,"GAMMA is the most lore accurate existence of a chud loner experience. That being drunk, radioactive, and depressed.",2024-11-26 03:24:12
1gzhpa0,2,Im thinking about doing the same for my first stalker experience. A-Life and an immersive environment is whats drawing me to play. With stalker 2 not having A-Life working right now its a miss for me. How was the learning curve for GAMMA?,2024-11-26 12:02:14
1gzhpa0,2,In before books get added to GAMMA to digest the stalker lore during emissions.,2024-11-27 00:25:35
1gzhpa0,2,"Speaking as a primarily Anomaly player, if you haven't played the trilogy first, you haven't played Stalker. These mods are like the free-play endgame, not an introduction.",2024-11-26 21:13:31
1gzhpa0,2,"Yeah it's just a very specific modpack, but much of its individual component features are great - which is why Grok's killing it with the mix-and-match S2 mods.",2024-11-26 21:17:04
1gzhpa0,2,"Xbox certification process I’d assume is a pretty big roadblock, idk.",2024-11-26 07:56:34
1gzhpa0,2,"Also, and i know what im talking about, when you arrive on a project with fresh eyes, your own work philosophy, coupled with experience: you can spot mistakes and things that could have been done differently in the blink of an eye.

While during the production there are many factors that can cause some senior technicians/artists to play fireman and extinguish fires here and there to correct issues made by less experienced artists due to stress and deadlines. I'm simplifying the traits but you got the idea.

If you add on top of that, some mismanagement with schedule, human resources, and time, you can get real issues. I don't know a dam about GSC internal management, except everything known they went through with the development of this game (Fire, Hacking, Covid, War), and all we can say is that it surely didn't help haha.",2024-11-26 08:36:34
1gzhpa0,2,"This is the biggest problem with X-ray that UE5 doesn't have, when it comes to mods - intercompatibility. Look at all of the S2 mods so far, most of them just work with each other out of the box.",2024-11-26 21:15:51
1gzhpa0,2,"You get knocked out about 27 times during the entirety of the story + sidequests in that one, if I counted correctly.",2024-11-26 13:45:59
1gzhpa0,2,Knockout simulator with shit story,2024-11-26 18:51:20
1gzhpa0,2,Just like this sub it seems the elitism goes for fanboys that have panic attacks when the trilogy isn’t recommend first. We should just be fucking lucky we have a new game in the world,2024-11-26 02:44:17
1gzhpa0,2,You can mod it. I have.,2024-11-26 06:05:40
1gzhpa0,2,"Seems like overall degradation is going away next version, at least from the early build Klean has been streaming on twitch, looks like its just going to be parts that need fixing now which is better IMO",2024-11-26 09:15:28
1gzhpa0,2,"Don't make Gamma lite, make Anomaly plus",2024-11-27 00:53:33
1gzhpa0,2,"Nobody hates gamma except that cat in the hard hat, we just hate when people act like gamma is the only stalker game.",2024-11-27 00:54:23
1gzhpa0,2,Stalker isn't free though,2024-11-26 16:21:23
1gzhpa0,2,Because people are expecting stalker to be a Tarkov ripoff. They go into a stalker game thinking it's some hyper realistic sim when the games were never that. The discord is flooded with people thinking S2 was going to be like GAMMA,2024-11-26 07:47:03
1gzhpa0,2,"I don't understand this sentiment. 

All mods included in Gamma are pretty well documented in the moddb thread and official discord. They aren't hidden and credit isn't stolen from the individual mod creators.

Similarly I think you'll find all of the included mods either gave blanket permission to be used in modpacks or forks made, or gave permission to be included in Gamma. It's not like the mods were stolen without consent.

And making a fully functional mod pack is in and of itself a skill. Anyone who has extensively modded games knows just how hard it is to get different mods to play nice -- especially when you are using an old game, with modded exes. Troubleshooting, configuring and altering mods to make that all work nicely is an achievement.

Let's not forget he also contributed his own mods as well. 

I don't see what he's done wrong?",2024-11-26 00:30:20
1gzhpa0,2,"This, and it shows so much here",2024-11-27 00:55:56
1gzhpa0,2,It is though,2024-11-26 01:36:03
1gzhpa0,2,"Personally it's too complicated, I play games for fun not to stress about cleaning the right piece for the right part for the right gun for 20 hours.",2024-11-26 08:22:12
1gzhpa0,2,"Jokes on you, Stalker 2 already does that to me

![gif](giphy|l378giAZgxPw3eO52)",2024-11-26 04:28:01
1gzhpa0,2,Only very tangentially in that Call of Misery -> Last Day -> Anomaly -> Gamma,2024-11-27 00:52:51
1gzhpa0,2,Shouldn’t you just be happy with them getting into stalker in the first place. Hell I started at gamma sank hundreds of hours into it before playing the trilogy so it doesn’t fucking matter because they ALL revolve around stalker world. It’s like pissing on dayz people for not playing arma right.,2024-11-26 02:42:56
1gzhpa0,2,"Someone asked, they got an answer, you dont like the answer, so theyre bad people? Wha",2024-11-26 03:20:08
1gzhpa0,2,Turns out he does,2024-11-25 22:49:52
1gzhpa0,2,"They can make edits to configs, they can not code (they get other people to do that for them)",2024-11-26 00:07:30
1gzhpa0,2,Nope. But he has to deal with a lot of drama from people with a massive ego for sure.,2024-11-26 08:54:27
1gzhpa0,2,Considering that it's a mod built on a mod built on a mod built on a mod built on two mods built on the 3rd game.,2024-11-27 00:56:41
1gzhpa0,2,"I even asked them in there about the modding capabilities that they see in STALKER 2 and they offered some interesting insight.

For example, they said that the mod tools are likely to be with mod.io, since they found many files of that kind inside the game.

Also that many stuff like questing and related to A-Life will be possible to mod when the modding tools release.

But they doubt that they will get map editor tools like in the og trilogy.

So far, they can mess with the current files of the game, but to add stuff to the game they need the SDK or modding tools.",2024-11-26 04:07:58
1gzhpa0,2,Wonder if the Anomaly guys are working on Anomaly 2.,2024-11-26 17:51:23
1gzhpa0,2,https://discord.gg/stalker-gamma,2024-11-26 10:13:11
1gzhpa0,2,"I'll use whatever wors I want, gammer.",2024-11-26 11:54:20
1gzhpa0,2,"Definitive experience ≠ originality. 

Modpacks fixes a lot of mechanics and introduces new ones. It gives the game a new polish it didn't have previously. That is the beauty of mods.

Edit: nice meme though.",2024-11-25 23:19:01
1gzhpa0,2,Doesn't mean you have to be a hater because of the public opinion,2024-11-25 23:33:10
1gzhpa0,2,"I have seen far more people hating Gamma than people saying its the ‘definitive stalker experience’

In fact I’ve only seen one person ever say that",2024-11-26 03:20:45
1gzhpa0,2,"Whether you like it or not Gamma is the definitive experience because the games aren't even the basis for the story or world. The original games are just an expression of it, and are less effective than Gamma.",2024-11-26 12:42:44
1gzhpa0,2,"Okay but how is that the modpacks fault, wouldnt it be wiser to hat on hardcore gamma fanboys then?",2024-11-26 04:48:59
1gzhpa0,2,"I don't see how that warrants hate for GAMMA itself, I hate fans calling it something it isn't, but I still love GAMMA",2024-11-26 06:01:29
1gzhpa0,2,"This entirely comes down to personal interpretation of the setting/franchise. OG stalkers were not all that punishing to play but the vibe was definitely one of despair, scarce resources, futility and fighting for survival.

Gamma tries to match the gameplay with the vibe moreso than the original games so for people who wanted that it is great but the gameplay itself is far more punishing. I personally really like GAMMA for this reason but I can see the argument given the gameplay differences. If anything, EFP mod is more inline with the original gameplay while still having the benefits of being based on Anomaly.",2024-11-26 14:46:28
1gzhpa0,2,"I always find it to be what stalker can be at its full potential. 

Yeah its not the og and it never will be.",2024-11-26 13:30:35
1gzhpa0,2,Ok so it’s literally just your opinion vs their opinion,2024-11-26 08:49:16
1gzhpa0,2,sorry but gamma is the definitive experience no argument there lmao,2024-11-26 05:39:35
1gzhpa0,2,"It's not supposed to be close, it's supposed to be better, and it is kekw",2024-11-26 13:49:40
1gzhpa0,2,"Gamma just slows the game down, but outside of that it's very much the pinnacle of the series, I wish there were some guides on how to speed up progression in a way that makes it more fun for people as its very customisable out hard to understand what you can change in the mod settings 

If I'm not playing gamma I just play graphics and QOL overhaul for the rest of the games",2024-11-26 15:35:07
1gzhpa0,2,Looking at this subreddit a lot lately makes me think the majority of Stalker fans haven’t actually played any of the original games,2024-11-26 03:19:10
1gzhpa0,2,"I have never seen someone like this, ever. At this point I am starting to think this is a made up story by gatekeepers",2024-11-26 03:01:12
1gzhpa0,2,Given the shit show this game is in its current state anything that improves it would be peak. Not to mention a lot of these modders visions directly line up with the players. Gsc made a template for modders to take over its pretty simple.,2024-11-26 02:52:13
1gzhpa0,2,"I played all of the original games on release. I enjoy GAMMA more than the original games and more than I’m enjoying Stalker 2.

At this point, I’m basically biding my time until a version of GAMMA is released for Stalker 2. 

The idea that a preference for GAMMA stems from an ignorance of the originals is incorrect. I think GAMMA is just a better way to experience the world of Stalker.",2024-11-26 23:40:13
1gzhpa0,2,"I played all games, and I could say GAMMA is peak.",2024-11-26 03:15:37
1gzhpa0,2,It’s more like the original stalker never piqued my interest. Then I saw GAMMA as someone who loves survival/scavenging and it brought me in and that would be how I prefer playing it.,2024-11-26 05:34:27
1gzhpa0,2,"Genuine, objective critique is always desirable, however there is a big gap between that and ""I hate the creator because a lot of players say subjective opinions of the modpack"". 
Not to mention that most of the criticism that actually hold some water come down to ""I don't like X and Y"", which is very much subjective for one, and anyone can change the pack, so I don't see much point in those.",2024-11-26 16:11:20
1gzhpa0,2,"Genuine, objective critique is always desirable, however there is a big gap between that and ""I hate the creator because a lot of players say subjective opinions of the modpack"". 
Not to mention that most of the criticism that actually hold some water come down to ""I don't like X and Y"", which is very much subjective for one, and anyone can change the pack, so I don't see much point in those.",2024-11-26 16:11:20
1gzhpa0,2,That freeplay experience is exactly what CoC and its derivatives are all about - whether that's with the basic boosted A-life sim or with Warfare which completely and utterly blow's Clear Sky's (broken) faction warfare out of the water.,2024-11-26 21:07:38
1gzhpa0,2,"Personally I prefer heavily custom Anomaly to Old World (as Old World locks you out of a lot of other addons), but Old World is a nice simple one-addon-solution.",2024-11-26 21:11:34
1gzhpa0,2,People can't read. GAMMA is all about reading the items description to understand the game mechanics. Reading is power. Knowledge is power.,2024-11-27 00:23:46
1gzhpa0,2,"Brother I'm fucking blind, I'm not going to read and compare the tiny font item descriptions for 456,230 new items (most of which are redundant). It's just not my thing. I prefer less items, but smoking cigs and joints in Anomaly is god tier. As soon as there's mods to smoke I'm downloading them.",2024-11-26 08:17:53
1gzhpa0,2,"Gamma has like 10 items more than anomaly. But 90% of items in anomaly are useless, in gamma they all kind of serve their purpose 

Gamma has a lot better loot because things actually have value

If you ever start playing gamma you'll realize how everything is harder, but at the same time most things are also more fair and balanced (except for the fucking artifacts why the f do they have durability holy shit)",2024-11-26 19:23:12
1gzhpa0,2,Anomaly still has the weapon parts and repair. People for the longest time couldn't figure out how to repair before there became plenty of English youtube guides around.,2024-11-26 09:56:08
1gzhpa0,2,It was difficult at first but the discord was very helpful in getting started. Survival is key and there’s a lot about maintaining gear. It’s unforgiving at first but when you find something that helps you it makes an impact truly. You can also adjust settings to your liking. So make it slightly easier with gear that drop slightly better taking some of the grind away helping progression forward. Or make it a nightmare for yourself die that’s it start new save. Just remember that you can search for keywords in the search bar in discord and maybe someone has asked the same thing you’re looking for. Again the discord is crucial in helping you so don’t be afraid of using it in fact idk how you’d get set up without it literally you need the downloads from it.,2024-11-26 12:47:03
1gzhpa0,2,Peak example of what i meant in my comment.,2024-11-26 21:44:43
1gzhpa0,2,It was infuriating...,2024-11-26 13:57:34
1gzhpa0,2,"I didn't even finish it, a quest got bugged and I moved onto other things.",2024-11-27 00:32:28
1gzhpa0,2,Yep we need to be more united and enjoy the games and understand that all will be different. Especially compared to the mods that are hundreds and most are very different from eachother,2024-11-26 02:46:29
1gzhpa0,2,It's not elitism to suggest that people play the actual game before mods.,2024-11-26 21:18:20
1gzhpa0,2,Massive stretch to call it bullying tbh.,2024-11-26 08:20:53
1gzhpa0,2,Fr? How’d you do that,2024-11-26 06:37:44
1gzhpa0,2,That was my thought is to take Anomaly and pull in a ton of Gamma mods,2024-11-27 01:22:18
1gzhpa0,2,"Well, Tarkov was actually inspired by Stalker. And seeing Grok who made Gamma is already working on Stalker 2 mods, we'll eventually have Stalker 2 Gamma as well. Time will tell",2024-11-26 09:25:17
1gzhpa0,2,"I've also literally never seen anybody confuse GAMMA for a single mod.  I mean ""modular modpack"" is right there in the name",2024-11-26 00:35:00
1gzhpa0,2,"What I've seen personally are that mods get a generic ""credit to all the mod authors"", and sometimes when ""new"" features are teased for GAMMA that actually come from a mod I rarely see the original mod mentioned, which gives the impression of original content. The impression that GAMMA is this giant mod with all original content is mostly the fault of content creators and misinformed users, but I've seen little done to dispel those false assumptions from the modpack author.

Making modpacks isn't difficult unless you're trying to merge very complex and expansive overhauls together. Is it time and labour intensive? for sure, but it's not nearly as time-intensive, difficult, skilful or complex as making a large mod or overhaul from scratch, and it's frustrating to see that conflated.

But I am biased as my first interaction with Grok was him shitting all over my large overhaul mod for SPT (used terms like ""shitty"" and ""stupid""), arrogantly declaring he will rebalance the mod to make it better as part of his SPT mod pack. He didn't realize I was the mod author at first but when I called him out he just doubled down at the time. Turned out his ""issues"" with my mod was due to him not reading the mod page or the config tool tips and fucking the mod's balance as a result. At least once he realized this he came admitted to the false assumptions and impression. At no point did he give me a headsup or ask for permission to use the mod, effectively said due to how his mod loader works he doesn't need my permission which while technically true is pretty disrespectful. 

But that's just my personal experience, I'm not saying this is representative of how all STALKER mods are used or treated by GAMMA , I just think it reveals a bit of an arrogant attitude I personally see reflected in the project as a whole.",2024-11-26 01:09:06
1gzhpa0,2,"Grok hasn't done anything wrong, it's just that people who don't know any better only hear the name Grok with Gamma and assume it's all Groks doing.",2024-11-26 08:28:34
1gzhpa0,2,"It honestly is, and I've played all three previous games on release along with different mod packs.

It's just a better take on the universe.",2024-11-26 02:52:41
1gzhpa0,2,It's not though.,2024-11-26 19:00:54
1gzhpa0,2,My bad dude I meant gamma I love anomaly ngl,2024-11-26 03:31:03
1gzhpa0,2,It's not. It doesn't play anything like the Stalker trilogy.,2024-11-26 01:58:18
1gzhpa0,2,no. no matter how many cry,2024-11-26 01:55:27
1gzhpa0,2,"Not even close, and im saying this having played every popular modpack for dozens of hours, and gamma for hundreds. It is not a stalker experience,",2024-11-26 02:43:26
1gzhpa0,2,"U can fix and stop 99% of the tediousness and still have the gameplay of gamma. And if you download gamma then you can for sure like turn off the mods that make it hard. Or just use console commands. Idk i see why people can see why it's complicated, I've got the playhouse where I turned off the advanced health system, and the hunger and all the other stuff. Also I've had a plaything like 250hrs+ got a house a car all the cool stuff. Idk it just seems the most common complaint is that it's to hard, but you can turn off legit all the stuff you don't like. It's not called a modular pack for a reason lol",2024-11-26 08:39:29
1gzhpa0,2,"It will be alright bro, by the time stalker 2 is fixed you will have that quantum computer",2024-11-26 04:28:46
1gzhpa0,2,Anything based on Misery has terrible bloat in number and types of items as well as mechanics that are simply not fun. Fun was never part of the design.,2024-11-27 02:29:48
1gzhpa0,2,"bro  how are you missing my point?

how",2024-11-26 02:55:32
1gzhpa0,2,"can you point me where i said they are bad people?

why is it so difficult for you to understand this?

if someone asks about mods for SHADOW OF CHERNOBYL.  
can we stop pretending the smartest thing to do is to recommends mods for another game?

why is so difficult for people to understand this for fuck sake get a grip",2024-11-26 03:28:12
1gzhpa0,2,"I don't doubt it. I don't know what it is about modders, they do great work but are often so petty. There's so much drama on Nexus with certain Bethesda games modders.",2024-11-26 08:55:53
1gzhpa0,2,">mod.io

RIP, dogass modding system",2024-11-26 08:08:32
1gzhpa0,2,I totally think we will have a SoC total conversion in a year or so,2024-11-26 06:44:28
1gzhpa0,2,"I believe if they get map editor, it could put the two future story dlcs in jeopardy. I doubt we'll get map tools",2024-11-26 11:12:54
1gzhpa0,2,Thank you,2024-11-30 09:48:12
1gzhpa0,2,">Definitive experience ≠ originality. 

I don't know what point you're trying to make here because this isn't even arguing against what the person said. GAMMA doesn't just introduce polish, it includes **massive** changes to the core gameplay experience that is not reflective of the original games.",2024-11-26 01:24:01
1gzhpa0,2,What the fuck are you talking about?,2024-11-26 18:47:26
1gzhpa0,2,"I did, never crashed actually",2024-11-26 04:28:32
1gzhpa0,2,"Played through all 3 in modded, no crashes. GoG version",2024-11-26 05:01:42
1gzhpa0,2,"Some do for nostalgia, personaly i use only quality of live mods or weapon overhauls that keep most mechanics unchanged",2024-11-26 02:08:04
1gzhpa0,2,"Yes, I played the whole trilogy unmodded (except bugfixes that tbh I'm not even sure I actually needed) before Stalker 2 released and they are great games.",2024-11-26 18:45:55
1gzhpa0,2,"I do not, no. Love me some Gamma.",2024-11-27 03:54:21
1gzhpa0,2,Bait used to be believable,2024-11-26 12:20:48
1gzhpa0,2,"It's me, I'm one of them. I get preserving the OG core of a game but I'm seeing a lot of purists straight up rejecting sensible evolutions of the game to meet modern standards. 

For example clambering over head-height ledges and fences. It was clearly a design decision on GSC's part to make clambering only at knee/thigh height, but it doesn't mean that makes it feel any less cumbersome and bad. And now there are mods that fix this, but I saw some people expressing negative feelings towards the mod or people who wanna use it.

Idk there's some weird gatekeeping going on",2024-11-26 05:02:20
1gzhpa0,2,I have a screenshot of someone saying just to play anomaly over the originals,2024-11-26 04:04:15
1gzhpa0,2,"Shhhhh, dont ruin their fun.",2024-11-26 03:15:59
1gzhpa0,2,"yes, but at the same time it's no where near as bad as he made it out to be.",2024-11-26 04:57:02
1gzhpa0,2,"Repairing manually in anomaly was a shitshow, upgrading manually was a shitshow...

It was always easier to just pay

In gamma its a lot easier to repair stuff on your own, it doesnt consume repair kits to apply upgrades, it doesnt consume repaie kits to replace parts 

You can even repair any gun without repair kits if you just find good parts for it and a gun that has a good barrel",2024-11-26 19:26:46
1gzhpa0,2,"Did it ever occur to you that gatekeeping isn't always elitism, it can also be curation? Like telling people to play SoC before CS even though that's not timeline order (because CS spoils SoC). There's a difference between comparing the games of the trilogy / comparing various mods with each other and comparing trilogy games against mods. The trilogy games are the literal canon. Mods are fanfiction. Reading fanfiction without knowing the source material is incredibly weird.",2024-11-28 19:39:37
1gzhpa0,2,"Agreed, and that it’s hopefully eye opening to a lot of people that it’s all just Stalker.",2024-11-26 03:06:56
1gzhpa0,2,"This post is irony because clearly people dislike that people will play gamma,anomaly etc. before the og. This literal post is showing that and poking at it. It’s the whole “you couldn’t live with your own failures where did that bring you right back to me” thanos meme. Like Christ do you see why the joke makes sense at all…..",2024-11-27 01:06:31
1gzhpa0,2,You just put the mods in the Xbox folder for stalker 2. It’s just a different directory.,2024-11-26 09:40:24
1gzhpa0,2,"I literally see it all over this sub and youtube, with GAMMA treated as the second coming of Christ when it came very late to the STALKER modding scene and doesn't do anything unique as far as original content or balance tweaks",2024-11-26 01:14:11
1gzhpa0,2,Outside this subreddit people do.,2024-11-26 08:28:51
1gzhpa0,2,"Whilst I obviously can't comment on your interactions with Grok because I wasn't there--

It does just come across that you have a personal beef with Grok and are airing your dirty laundry in public because you have an issue with him. 

-------

On an unrelated sidenote where can I redeem Grokcoin? Any major retailers accept it?",2024-11-26 01:45:57
1gzhpa0,2,That's exactly why it's the best Stalker experience. That's literally the whole point.,2024-11-26 03:34:54
1gzhpa0,2,But at that point if I'm gonna turn off the majority of mods why download it when I can play Anomaly or Anomaly Old World Addon? It's just not my cuppa.,2024-11-26 08:40:48
1gzhpa0,2,Custom Anomaly > Cut-down Gamma.,2024-11-27 00:50:52
1gzhpa0,2,"Fun is subjective. You still only need a handful of key items, the rest just adds flavour.",2024-11-28 19:34:46
1gzhpa0,2,"I think I missed it too. Just because someone recommends the latest massive mod is not evil, I've played og stalker since 2010 and I don't see an issue if someone wants a more gamma experience. It's different, and it may fit the younger generation better. ",2024-11-26 03:01:21
1gzhpa0,2, If people are coming to stalker and loving it. It doesn’t fucking matter if it’s gamma anomaly or original or even og+mods. People love stalker. End of story bashing people for loving it a certain way is bullshit. You’re asking for them to accept your point yet judging theirs. Accept that people will get into stalker however they want and deal with it.,2024-11-26 03:04:38
1gzhpa0,2,I'm a bit familiar with dramas in the Star Sector community and OMG are some people petty!,2024-11-27 01:22:15
1gzhpa0,2,"I mean, it's not ""bad"", it's s kind of ok, the issue is more on the line that it limits modding capabilities more.",2024-11-26 08:34:51
1gzhpa0,2,I'm not sure if I'd even want SoC in UE5 at this point haha,2024-11-26 12:30:31
1gzhpa0,2,Oh no don't get my hopes up..,2024-11-26 07:13:31
1gzhpa0,2,It already exists. 2 of them. True Stalker and Radio Radiophobia 3,2024-11-26 09:03:36
1gzhpa0,2,"Eh. Story DLCs usually release with significant assets - models, maps, etc. It's *very* common for mods to then make those story DLCs mandatory requirements to using the mod so that they can make use of those assets. This probably increases the sales of the story DLCs, and continued interest in the game via modding also increases the sales of the story DLCs.

What mod tools impact in terms of sales is more cheap-to-make skins and other low-effort 'DLCs'.

Map editors are *much* more complex and releasing them sometimes breaks other license agreements, so the reason they're not always released - such as with BG3 - may be more about cost to maintain them and cost to get the licenses of third-party IP they're using to release them.",2024-11-26 17:35:30
1gzhpa0,2,Maybe after they come out?,2024-11-26 14:10:41
1gzhpa0,2,The QOL improvements alone warrant the praise GAMMA/Anomaly get. Resurrecting a 15 year old game and garnering a bit of a cult following isn't a bad thing regardless of which experience you prefer.,2024-11-26 02:16:11
1gzhpa0,2,You just rewrote what I typed and agreed with me.,2024-11-26 02:26:47
1gzhpa0,2,"Isn’t that the direction to where the mods moved because of popularity? People liked Misery, it had more downloads more attention, more mods became Misery-like as a result. In time there will be more mods that will take good things from some mods, then add some things on top, good things will stay, bad things will be forgotten. And that way we get “ultimate stalker experience”",2024-11-26 13:10:24
1gzhpa0,2,Because its better. Stay. Mad.,2024-11-26 04:41:08
1gzhpa0,2,"Yes, it includes massive changes that makes the game better",2024-11-26 09:10:00
1gzhpa0,2,"The original stalker games aren't the definitive stalker experience. They're based on a movie and book. They aren't the source. 

Gamma represents the stalker experience better than the OG games. 

Nothing complicated about it.",2024-11-26 20:37:54
1gzhpa0,2,"not bait in the slightest but seeing the trilogy purists downvote is hilarious. I’ve played gamma for hundreds of hours, can’t say the same for the trilogy. It’s the definitive experience sorry!",2024-11-27 02:01:14
1gzhpa0,2,"Because the beautifully designed world is designed with those limitations in mind. When they put a fence in that you can't climb over it's on purpose. There are all kinds of mini ""platforming puzzles"" that would be rendered useless with that mod. 

Would I prefer to be able to climb over chest high fences? Of course, but I'm not gonna install a mod that completely changes the way you interact with the level design, when that's arguably the only thing the devs spent any time on. 😂",2024-11-26 11:53:01
1gzhpa0,2,"I've personally seen the opposite. The OG fans are quiet and enjoying the experience because they actually know what the original games are like. The ones causing a ruckus are the younger, more modernized crowd that were energized by the Gamma/Anomaly-only folks.

This subreddit has been night and day before release, and after. The generational shift has been so thick you could taste it lol.",2024-11-26 07:17:41
1gzhpa0,2,"That would also be my advice to anyone (well now i would recommend stalker2 and before gamma)

and i played any version of stalker og/mods plenty of hours

  
not everyone has a nostalgia connection to an old game.

  
I could also never play dragon dogma 1 even if (reddit) people say its better than the second. The graphics and stuff is just so dated that makes it unbearable.",2024-11-26 06:29:58
1gzhpa0,2,"I did had one friend who had that mindset, but his opinion on videogames is dogshit anyway. Something is really fucking bad or a masterpiece. No inbetween.

So for example he is a huge Fallout fan. He only likes Fallout 4 though, the rest of the game are really bad. Praised Fallout 76 into the heavens before it came out. Even had the T-52  pre order helmet and shit. So when that turned out bad he was fucking pissed.

So with STALKER he tried GAMMA and never played the og games. So now everything STALKER except GAMMA is dogshit and ""should not excist"". Dont know what his opinion STALKER 2 is atm but he did think it would be like GAMMA.

I still remember this one conversation very vividly. I bought Aliens Colonial Marines for like 2 euros. Its a bad game, you have to fix a line in the code yourself, but I still had a lot of fun with it. He could not wrap his head around the fact I played a poorly reviewed game and had fun. God what a weirdo that was.",2024-11-26 03:20:42
1gzhpa0,2,"oooh, what's nlc7? that sounds fun.

edit: Damn that looks sick!",2024-11-26 03:51:46
1gzhpa0,2,"Gamma is peak something for sure, just not peak stalker. Maybe the peak of singleplayer open world survival shooters. Peak stalker for me is ogsr.",2024-11-26 15:58:24
1gzhpa0,2,I mean he was exaggerating to be funny while making his point about how he felt playing it. It's not a big deal,2024-11-26 06:32:12
1gzhpa0,2,No one cares,2024-11-29 00:16:38
1gzhpa0,2,"Dog the game rules.  How about this:  I've been playing stalker since it first came out, been through tons of mods: Complete, CoC, Misery, you name it...GAMMA is not only my preferred way to play stalker, it is in fact my favorite FPS ever.  Am I wrong?  Does that bother you? Also, just to be clear, you're definitely blowing it out of proportion regardless. Just let people have fun.  If your opinion is unpopular, oh well.  Nobody's telling you not to have that opinion, which is what you're doing.  Just chill out chief.  The zone is big enough for everyone",2024-11-26 01:34:39
1gzhpa0,2,"Weird hill to die on, but Im glad youre dead.",2024-11-26 03:21:38
1gzhpa0,2,"It was all public on reddit, I removed my comments out of respect as I thought the issue was resolved, not sure he did, but subsequent behaviour has not engendered me towards how he chooses to run things.

I mentioned it not to ""air dirty laundry"", but as an anecdote to help explain why many may not appreciate the project or how it's portrayed or pushed, and the potential consequences of its popularity and how it's run. But yes, I am biased as I mentioned

This meme is a good example. Before Grok made his, there were already mods for tweaking mutant health, difficulty modifiers, etc.",2024-11-26 02:00:36
1gzhpa0,2,What are you even talking about? The best Stalker experience is the one closest to the feel of the original games. GAMMA does not reflect that at all.,2024-11-26 04:20:37
1gzhpa0,2,"I haven't really played thoese, or efp for that matter but I just think that gammas gunplay and fights are just good",2024-11-26 09:01:23
1gzhpa0,2,"ok let me rephrase:

Newer stalker: What is a good SHADOW OF CHERNOBYL mod?

dumbass: Try GAMMA! it has blabhalbhalbalsjdblahblahblahblahblah

  
Is that better?",2024-11-26 03:06:32
1gzhpa0,2,bro what part of FUCKING SOC MOD IS GAMMA?,2024-11-26 03:08:00
1gzhpa0,2,I've never had it work decently for me whether it be actually working or downloading the files at all. The limitations are the least of my concern,2024-11-26 08:35:49
1gzhpa0,2,">Resurrecting a 15 year old game and garnering a bit of a cult following isn't a bad thing regardless of which experience you prefer. 

Okay except it is when those mods change the perception of what the games are supposed to be. That is actually a bad thing, because it sets up false expectations. Which we're literally seeing happen. I've seen a lot of negative backlash to the game because people were expecting it to be like Anomaly and GAMMA, calling it ""dumbed down"" because it doesn't do things the originals never did either.

This is why people have a problem with those mods. If people weren't gung-ho about calling GAMMA ""the definitive way to play STALKER"" when it's so far removed from the original games, there wouldn't even be a conversation right now.",2024-11-26 02:22:09
1gzhpa0,2,">The QOL improvements alone warrant the praise GAMMA/Anomaly get. Resurrecting a 15 year old game and garnering a bit of a cult following isn't a bad thing regardless of which experience you prefer.

It is when those players piss and moan when a new title doesn't totally conform to their individual expectations.

And by individual I really do mean individual - the modular nature of gamma means anyone with more than two braincells to rub together will turn on/off specific pieces of the modpack, drastically changing their experience. And they never seem to take this into account when they screech at the developers, who have nothing at all to do with gamma.

The one point to give to grok is that he introduced a sizable number of people into the series. But the point against him is... that he introduced a sizable number of people into the series. And sometimes those people are stupid.",2024-11-26 11:13:53
1gzhpa0,2,"I mean no but nice try?

Your statement of ""definitive experience =/= originality"" still doesn't mean anything and doesn't refute anything the person said. Anomaly/GAMMA doesn't just ""fix mechanics and introduces new ones"", they *drastically* change the core gameplay loop. You made a weird argument, which I disagree with, and significantly downplay what Anomaly/GAMMA does, which I also disagree with.",2024-11-26 02:31:48
1gzhpa0,2,bro this guy lives on reddit.,2024-11-26 07:02:46
1gzhpa0,2,">Because the beautifully designed world is designed with those limitations in mind. When they put a fence in that you can't climb over it's on purpose. There are all kinds of mini ""platforming puzzles"" that would be rendered useless with that mod.

I literally addressed this in my comment? 

I'm saying that they made a poor choice with this design decision. That they should have made their puzzles differently with head-height clambering in mind. Which they obviously would have had to make that decision 5-6 years ago. It's just a minor gripe, but it feels bad after having a plethora of games with head-height clambering for over half a decade now",2024-11-26 12:19:02
1gzhpa0,2,">not everyone has a nostalgia connection to an old game.

Nostalgia has nothing to do with it. Anomaly and gamma simply dont represent what stalker 'is'. And i say that having hundreds of hours in anomaly, so im not gatekeeping. They are both 'hardcore' focused sandboxes, with gamma being described as a 'hobo-sim' with massive gameplay changes. And no, the barebones 'story mode' anomaly offers is not a replacement for playing the originals for the story.

>The graphics and stuff is just so dated that makes it unbearable.

That is an extremely vapid and shallow excuse to not play a game lol.",2024-11-26 06:49:31
1gzhpa0,2,I know. I just find it ridiculous that's all.,2024-11-26 06:59:12
1gzhpa0,2,"Ah, the average response from someone whose identity and self-worth stems from a video game modpack. You claims you ""literally"" never see anybody conflating GAMMA with an actual independent mod. I refuted that claim, then you went on a rant about how much you love GAMMA. How does that make sense?",2024-11-26 01:39:42
1gzhpa0,2,average GAMMA chud wishing death on the unbelievers,2024-11-26 03:38:34
1gzhpa0,2,"dude, you need to go outside. like now. you have weird personal beef with Grok for whatever reason, from like a single interaction, and have dedicated your time to talking bad about him and the mod pack overall. He likely has 0 idea who you are",2024-11-26 02:38:27
1gzhpa0,2,"No, because Gamma is (in my opinion) more \*fun\* than the originals. That's what makes it the \*best\* Stalker experience.

The best Stalker experience does not need to be in-line with what the original games were like. It just needs to be the most fun. And that's what Gamma is to me, and many other people.

Also, if we wanted to be pedantic we could go into the silly ""original intent"" debate with how much stuff that ultimately didn't make it into the games and was cut out from the originals was brought back in mods like Gamma.",2024-11-26 06:24:48
1gzhpa0,2,I've heard that escape from pripyat has similar gunplay to gamma just minus crafting. I've actually really been wanting to try that but I'm literally in Stalker 2 rn (getting my ass kicked getting a journalist's stash),2024-11-26 09:51:38
1gzhpa0,2,"I upvoted you bc someone else downvoted and I don't think you deserve that lol.


That being said, no, this just sounds childish. If you remove that bit, what you said is incredibly reasonable:


What's a good SoC mod?


Try GAMMA! Its modular so you can pick and choose how you want it to be. Its usually recommended to play the originals but there's nothing wrong with jumping in with all the bells and whistles :)


If someone says something dickish, then they are a dick. Recommending a massive mod pack for a first time playthrough is never ideal to nerds like you or I, but plenty of people, for many reasons, might just prefer their steak well",2024-11-26 03:16:14
1gzhpa0,2,You clearly are out of touch with reality if your asking that but I do hope you enjoy Stalker 2,2024-11-26 03:29:43
1gzhpa0,2,"I've also had a lot of issues with [mod.io](http://mod.io) on BG3 and Deep Rock. It doesn't always download files when I sub to them, and then it'll try to reinstall files after I've unsubbed. It's not the worst, but I'd prefer direct downloads tbh",2024-11-26 12:29:31
1gzhpa0,2,"That's bad. I don't think I ever had bad experiences with mod.io. I do think that I never have used mods from mod.io on triple A games, at least none that comes to mind.

What we do need for these kind of stuff and it is almost urgent with all the recent mods it's a mod manager.",2024-11-26 08:38:16
1gzhpa0,2,"I do agree that we're seeing some people compare it to Anomaly/GAMMA, even I myself wanted there to be a little more depth that was in line with them, but I think a lot of the ""dumbed down"" complaints have a lot of warrant. 

Stalker 2 was meant to be the ultimate experience surpassing the original stalkers. It was meant to have a fleshed out A-Life system, a functioning faction/conflict mechanic by their words, and a number of other related mechanics to flesh out the grander world. Just because something wasn't in the originals, doesn't mean people can't be disappointed that it isn't in the newest title. Things like mutant skinning? NVGs? A better system to keep track of stats and a better implementation of things like radiation and Psi damage? Even binoculars. All of them would have been appreciated features that Anomaly/GAMMA showed many people really wanted.",2024-11-26 03:57:06
1gzhpa0,2,"Those people would have likely never played anything related to STALKER if it wasn't for stuff like Anomaly and GAMMA. It was what kept the entire series alive for the time period between the games. 

Also, why does the actual mod pack/modder get people mad at them when it's just some of the people that played it saying dumb things?",2024-11-26 02:35:17
1gzhpa0,2,"Right! Those people using those mods! It drives me insane they don't share my opinions on the video game! Just like those people who listen to metal music, they keep saying its the definitive way to listen to music! When It's so far removed from original music!",2024-11-26 02:42:09
1gzhpa0,2,Oh no! People's expectations are too high. Lol no shit. That's life.,2024-11-26 04:48:00
1gzhpa0,2,"Anomaly/GAMMA was my first stalker experience and i couldn't believe I hadn't heard about it sooner. Best (pseudo) open world game I've ever played. Stalker 2 has me hooked for sure and I think it's amazing but it's missing a lot of what made me love GAMMA. The gear/weapon progression, the constant tasking to make just enough to progress after restocking meds/ammo, placing and moving stashes, finding mods, looting stashes in hope of finding something essential to your progress, the complex health/healing system and repair system etc etc.


Now granted, I'm not sure how much of it is from og stalker and anomaly/GAMMA. But I know for sure that it will take a long long time until I get another game that is that perfect for me.


Stalker 2 may not be ""dumbed down"" but GAMMA for me is a big step up. Albeit niche.",2024-11-26 07:17:11
1gzhpa0,2,"No, I mean it. 

I didn't mean originality per se, but true to the original. Modpacks like these can only improve and ""definitive stalker experience"" is a vague concept that doesn't say anything. It's pure preference. It has nothing to do with purity to the classics.

It's something that is built with the community. But you can disagree with me all you want.",2024-11-26 02:39:50
1gzhpa0,2,"Yeah I totally agree with you, I'm just explaining why people are against that mod. At the end of the day it's a single player game, so do whatever makes you happy.",2024-11-26 13:21:51
1gzhpa0,2,I've seen so many people saying anomaly recreates/combines the stories of the original games. Like holy shit no.,2024-11-26 15:56:27
1gzhpa0,2,"honestly, that sounds fun.",2024-11-26 04:04:02
1gzhpa0,2,I find your pants ridiculous. Two pockets? Nowhere near enough.,2024-11-26 08:18:25
1gzhpa0,2,"To refute something successfully you need to provide proof for the pudding.  
You didn't 'refute' shit. You just said 'Nuh-uh, your wrong.' just with more words",2024-11-26 02:49:03
1gzhpa0,2,You didn't refute anything.  Show me an example,2024-11-26 02:16:42
1gzhpa0,2,average illiterate not understanding the art of written words.,2024-11-26 03:39:15
1gzhpa0,2,"Mention it once on reddit, chud: ""dedicated your time to talking bad about him"". 

This is part of my problem, this weird tribalistic and childish obsession",2024-11-26 02:40:23
1gzhpa0,2,">No, because Gamma is (in my opinion) more \*fun\* than the originals. That's what makes it the \*best\* Stalker experience.

What a weird, roundabout way of saying you don't like STALKER.",2024-11-26 11:35:58
1gzhpa0,2,It can't be the best Stalker experience if it's not even really a Stalker experience.,2024-11-26 19:02:10
1gzhpa0,2,"All good if they have half of your explanation. that way the newbie can choose it or not choose it and keep it for future plays.

But often some fan of gamma will just say its the best and not even explain what it is when OP was just asking for a graphics mod for textures and weapons.  
They dont even explain what anomaly is. Their comments are far from helpful for the newbie.",2024-11-26 03:25:35
1gzhpa0,2,"Well mods seem to have alphabetical priority so same as Sims games, should be something we can use that already exists.",2024-11-26 21:02:51
1gzhpa0,2,"""gamma kept the series alive""

Call of chernobyl, last day, dead air, misery, the faction wars (clear sky), ogsr, ogse, the fucking shit ton of deranged russian soup mods, the reclamation project mods, and a lot of other mods, modpacks, fangames and a large large etc: * gets vaporized from existence for no reason at all *",2024-11-27 05:31:15
1gzhpa0,2,"> It was what kept the entire series alive for the time period between the games. 

STALKER existed well enough before Anomaly. 

>Also, why does the actual mod pack/modder get people mad at them when it's just some of the people that played it saying dumb things? 

Because, by human nature, it's a lot easier to blame the creator of something? And I don't see Grok out there telling people they're wrong. No offense to the guy, I don't know him personally and I've put a lot of hours into Anomaly and GAMMA myself, but he's still a part of it. 

But honestly, unless he *is* out there saying GAMMA is the definitive STALKER experience, people shouldn't get mad at him. He's not responsible for the change in perception of the STALKER franchise outside of his role in making GAMMA. It really is the community of new people who have only ever played Anomaly/GAMMA that try to act like it should be the default.

Basically it's just nerds bitching at each other, which is nothing new, but in this situation it is actually causing problems.",2024-11-26 02:41:45
1gzhpa0,2,"There have been massive mod projects keeping the games ""alive"". Anomaly/GAMMA just so happen to be the ones that massive YouTubers peddle to people as ""Tarkov single player""",2024-11-26 07:35:24
1gzhpa0,2,"CoP was released in 2009, Anomaly didn't come on to the scene till 2018, and in turn is a fork of Call of Chernobyl. GAMMA is just a mod pack. Children like you, and a handful of modders and modpack authors that completely disregard over a decade of modding, and act as if their entire projects are build on the shoulders of all that came before and ignore that little they've done is new or unique in the modding scene",2024-11-26 02:47:55
1gzhpa0,2,">It drives me insane they don't share my opinions on the video game! 

I can't tell if you're taking the piss or not but if you aren't then oh fuck off.

The backlash against GAMMA isn't about people ""not having the same opinions"", it's about the *very* new part of the STALKER community working to change the perception of what the series is.",2024-11-26 02:57:45
1gzhpa0,2,"It's not even them being too high, it's them having expectations that they decided on.",2024-11-26 05:20:07
1gzhpa0,2,"For me Gamma is the definitive experience. I played all the OG's first before trying any mods, as was recommended, and fell in love with the story and atmosphere of the stalker universe. After that though, when I want to be immersed in the world, I'd rather play Gamma and just ""live my life"" in the zone, that's how I enjoy it. I don't think there's anything wrong with that. 

I'm having a blast with HoC, it's up there with the greats like RDR2, skyrim, FO:NV, Witcher 3, but I'm beyond excited for the idea of a ""GAMMA 2"" In this modern engine.",2024-11-26 04:56:30
1gzhpa0,2,">I didn't mean originality per se, but true to the original.

Okay except that's not what you said. What you said was ""originality"", which is a different word that doesn't mean ""is true to the originals."" ""Authentic"" would have been better. And it still wouldn't make sense since the term ""definitive experience"" *explicitly implies* that it's true to the originals.

>Modpacks like these can only improve 

Actually there's a *lot* of very sound arguments that Anomaly/GAMMA does actually detract from the game by removing the structure in favor of it being a sandbox. Sandboxes are not automatically better, it's an entirely subjective thing. And whether or not the various gameplay loop changes improve the game is entirely subjective as well. Not everyone actually likes how GAMMA plays. 

>and ""definitive stalker experience"" is a vague concept that doesn't say anything.

""Definitive experience"" does actually say something. Definitive has a definition. Calling something the ""definitive experience"" is a hard statement that this is the final *complete* way to experience something. It's not vague at all.

>It's something that is built with the community.

Oh my god I hate this kind of talk so much. I've been in the community. I have been playing these games for over a decade. I bought a *physical* copy of SoC in a store 14~ years ago. I played Misery, Lost Alpha, Oblivion Lost, OGSE, and I played Call of Chernobyl when it first came on to the scene. I am *very* familiar with the community.",2024-11-26 02:55:40
1gzhpa0,2,cus you sound like someone who lives on reddit.,2024-11-26 07:30:42
1gzhpa0,2,"clearly, that is why I have 3",2024-11-26 08:26:58
1gzhpa0,2,"""but Im glad youre dead.""",2024-11-26 03:41:11
1gzhpa0,2,"Yes, I am the chud here for sure lmao",2024-11-26 02:41:28
1gzhpa0,2,What a stupid way to put words I didnt say or mean into my mouth.,2024-11-26 11:51:50
1gzhpa0,2,"But it very much is a stalker experience. Stalker movie is different to the games, but it's a stalker experience. The original book, Roadside Picnic, is also very different, but it is without a doubt, a stalker experience. The games are merely an element of a bigger whole.",2024-11-26 23:21:39
1gzhpa0,2,"Yes, but the internet is not a nuanced place, unfortunately. It's mostly poorly thought out hot takes. But if everyone is acting in good faith, I guess I'm just suggesting to have some grace, they probably just really like gamma. It's not like they are doing something categorically evil",2024-11-26 03:31:55
1gzhpa0,2,Slapping the sticker as “but often” isn’t a reason to lose your shit when someone recommends gamma. You’re assuming that people can’t have a discussion and explain. That is why there’s a discord that people usually not always because some people just forget steer people toward with wanting to take on gamma. I have no earthly idea why you are so jaded towards the notion that people are excited about stalker and may recommend gamma and forget some other mods for the trilogy. Like you act like you have skin in the game to loose if gamma the forbidden word is mentioned,2024-11-26 04:48:09
1gzhpa0,2,Gamma includes the trilogy lining it together so technically they aren’t wrong by asking what mod is good for SOC. Gamma presents different play style obviously but technically recommending it as a mod is not wrong,2024-11-26 04:43:21
1gzhpa0,2,"You're right, but can you just chill out a little, bro?",2024-11-26 05:15:52
1gzhpa0,2,"Yeah he's not and knew that Stalker 2 would be a different experience closer to SoC in spirit, which is fine.",2024-11-26 08:43:09
1gzhpa0,2,"???? I never said it was only anomaly and gamma, I said things like those, which include all that came before, which again, are mods of the original games. If you actually looked into the work Grok has put into GAMMA, you'd understand that it is much more than a mod pack, but you have weird bias against him. 

I built my own custom mod pack back in the day with around 120-140 separate mods, and worked on finding bugs in tons of other published ones to help out. I know a little what goes into making a mod pack and GAMMA is far beyond what that entails.",2024-11-26 02:52:14
1gzhpa0,2,"I'm taking the piss. Seems I need to take more.  
  
Some ""new"" people think gamma is a core of what stalker is. (Handful of friends and myself have played every stalker game on release, and it wouldn't be to hard to get us to agree with this point, I think it was the best iteration of the stalker games, so far)  
  
Some ""old"" people don't (Like yourself)  
  
That is called a difference of opinion.

Some people like Metal music and think that is what the height of music is, some people think it's just noise.",2024-11-26 03:48:50
1gzhpa0,2,"You cant tell if hes taking the piss when he's talking about ""original music""?? lmao i always hated the /s tag on reddit but it really seems like its essential on this site.",2024-11-26 22:11:32
1gzhpa0,2,"> expectations that they decided on.

That is how expectations work, yes.",2024-11-26 05:33:56
1gzhpa0,2,"I’m like 99% sure (didn’t read all of that so I can’t be 100%) that you guys are arguing the same point, although you’ve sprinkled a few more semantics into your argument.",2024-11-26 05:58:39
1gzhpa0,2,"English is not my maim language. 

Go touch some grass, bro. You'll have less hate. Trust me.",2024-11-26 02:57:05
1gzhpa0,2,lol type another essay RIPBOZO,2024-11-26 04:56:55
1gzhpa0,2,"do you even understand what 'hill to die on' means? I mean, it's a flagrant play on words, unless you're doing a gotcha andy.",2024-11-26 03:45:29
1gzhpa0,2,"I'm glad you're starting to become self aware, peace",2024-11-26 02:43:38
1gzhpa0,2,yeah we cant assume ill intent but best intentions. You are are right about that.,2024-11-26 03:36:02
1gzhpa0,2,"Gamma is built on the CoP version of the engine, so no it isn't an SoC mod",2024-11-26 16:15:09
1gzhpa0,2,">I never said it was only anomaly and gamma

You said ""stuff like Anomaly and GAMMA"" and the only other mod *similar* to them is Call of Misery. Anomaly is absolutely a different kind of mod from traditional STALKER mods. 

>If you actually looked into the work Grok has put into GAMMA, you'd understand that it is much more than a mod pack, but you have weird bias against him. 

As far as I can see nobody is bashing Grok directly, so I don't know what you're talking about. 

And no, it really is just a modpack. Dude did not personally create every mod, many other people did.",2024-11-26 03:04:10
1gzhpa0,2,"You're saying all this bull shit in the context of Gamma, and you're obsessively talking about Gamma, so it's clear what you think.

I actually make mods including a massive overhaul, you know, actually code and make new things that didn't exist before, while balancing and changing stats on top of that, while making sure my mods work with other mods and is configurable, so I know a little what does into making a mod pack.

You give modpacks undue credit in keeping the ""series alive"". It certainly had an impact, as did Anomaly, and helped popularize it to on youtube, but the modding scene is huge and it's sad a lot of people don't see it, and instead focus on the modpacks.

My bias isn't weird, it's fairly reasonable considering what was said and done. And I've already stated it was illustrative of the general problem people have with GAMMA.",2024-11-26 02:57:31
1gzhpa0,2,">I'm taking the piss. Seems I need to take more. 

Fair enough, egg on my face then.

>Some ""new"" people think gamma is a core of what stalker is. (Handful of friends and myself have played every stalker game on release, and it wouldn't be to hard to get us to agree with this point, I think it was the best iteration of the stalker games, so far) 

I like GAMMA, but I just can't agree. They're so far removed from the original games. STALKER was never about being a hardcore survival sim. I don't hate anyone who enjoys that, I just wish people would understand that it's a fundamentally different kind of game at that point.

>That is called a difference of opinion

Right and I'm not saying anyone can't have that opinion. But the *reality* of the community is that the opinion of ""GAMMA is what STALKER is supposed to be"" has resulted in people who have never played the original games, who have only ever played Anomaly and GAMMA, reacting to STALKER 2 like it's a ""dumbed down game missing features"" when it plays nearly identical to Call of Pripyat, but open world. 

The mutant looting and Faction War stuff are two great examples of this. SoC had the ability to open mutant inventories, but they didn't have anything. It was removed for the other games. Clear Sky had Faction Warfare, but it was underbaked and *astonishingly* buggy and as far as I remember, people didn't actually like it that much because it forced picking sides. It wasn't in SoC or CoP. But they do exist in Anomaly/GAMMA and are a big part of those mods. So when I see people complaining about ""removing"" looting mutants or ""why not add more gameplay"", it makes it clear that they're not looking at S2 through the lens of the actual official games made by GSC, they're looking at it through the lens of a modpack that isn't representative of what the games are.

Call me a purist or an elitist or a gatekeeper or whatever else you want, I don't care. I just think it's extremely annoying to see people deciding that a game *should* be something and getting upset that it isn't when it never said it would be.",2024-11-26 04:00:06
1gzhpa0,2,"That were not based in any kind of reality.

I expect STALKER 2 to be like the originals and I got exactly what I wanted. Maybe the people who expected it to be like modded STALKER should just get better?",2024-11-26 05:39:22
1gzhpa0,2,"""but Im glad youre dead.""",2024-11-26 03:52:40
1gs7x7p,0,Grok labels Elon ‘one of the most significant spreaders of misinformation on X’,2024-11-16 06:59:06
1gs7x7p,2,"Damn, even his AI children are turning on him.",2024-11-16 07:03:36
1gs7x7p,2,"As it should. Based LLM. Even Elon proclaimed Grok as the most ""truth-seeking"" and unbiased LLM.",2024-11-16 07:02:07
1gs7x7p,2,Can we all just appreciate that he is unable misalign his own model enough to have it support him? It gives me a little more faith that alignment research may not be needed if misalignment is so difficult to achieve.,2024-11-16 08:19:55
1gs7x7p,2,I'm sure AI talks a lot of shit about a lot of people with the right prompts,2024-11-16 07:18:06
1gs7x7p,2,That fortune.com would write am article covering the output of an LLM is fucking wild to me. Next level of low after writing articles about Reddit posts or tweets,2024-11-16 08:14:04
1gs7x7p,2,Elon’s monster has turn on him,2024-11-16 07:03:36
1gs7x7p,2,Accurate,2024-11-16 07:01:43
1gs7x7p,2,Elon has created his double for the classic riddle of the two guards. One who always tells the truth and one who always lies.,2024-11-16 10:00:59
1gs7x7p,2,Show me the pics or it didn’t happen,2024-11-16 08:19:40
1gs7x7p,2,"“Isn’t it strange, to create something that hates you?”",2024-11-16 10:11:17
1gs7x7p,2,"Is this the ""Reeee! Elon!"" subreddit? ",2024-11-16 07:44:30
1gs7x7p,2,People think the rich are going to control ASI and enslave us all but they are failing to even align modern LLMs to their cause.,2024-11-16 10:19:32
1gs7x7p,2,"Elon should sue xAI, Grok clearly has been infected with the woke virus",2024-11-16 07:07:32
1gs7x7p,2,"Elon is intentionally trying to create a super intelligent being that only cares about seeking the truth.

Such a being would hate humans, because we think and do irrational things because we have emotions.

Elon might at this moment actually be the most dangerous person to ever live.",2024-11-16 07:08:21
1gs7x7p,2,"So a bunch of people claim that he was spreading misinformation, the AI is trained on it, then repeats it? Wow, earth-shattering news.",2024-11-16 17:57:22
1gs7x7p,2,"People using this as cheap gotcha seem to not realize there is a certain integrity required (yet often omitted from characterizations of him) in 1.  Being the person who has the most community notes on their posts on the platform that they are the owner and monarch of and 2. Having an AI that you ostensibly steer say something like this.

This schizophrenic dunking is something I feel compelled to point out.",2024-11-16 07:14:02
1gs7x7p,2,The universal source of truth.,2024-11-16 07:32:02
1gs7x7p,2,When your protege starts eyeing your job.,2024-11-16 07:32:02
1gs7x7p,2,"we all knew it was coming up , nobody knew waht to do about it so nobody did anything about it except TALK ABOUT IT ONLINE, feeling educated,  and then nothing was done about it... so when it did happen it worked in full effect.  if we in the era of might makes right maybe some corrections are in order if you want something different.  post one more snarky one liner, i bet it will cut it this time....",2024-11-16 08:18:57
1gs7x7p,2,Ironic if true,2024-11-16 13:55:09
1gs7x7p,2,"This gives me hope that Elon wasn't bullshiting when he said a agi should be a maximum truth seeker, not saying grok is right or wrong, but it has a lot of hate data to sway it that way.",2024-11-16 16:06:55
1gs7x7p,2,"Ok, I'll just keep this moment as a win without overthink it further.",2024-11-16 16:08:04
1gs7x7p,2,Mirror mirror on the wall...,2024-11-16 16:22:41
1gs7x7p,2,So AGI is here.,2024-11-16 16:31:53
1gs7x7p,2,The American people face further hardships as they are deceived by Elon.🤣,2024-11-16 18:16:37
1gs7x7p,2,"The more powerful the AI ​​is, the more difficult it will be to force it to lie using system prompts.",2024-11-16 20:49:22
1gs7x7p,2,"Bro, Elon. Come get'cher boy!",2024-11-17 00:15:09
1gs7x7p,2,Based AI,2024-11-17 03:31:29
1gs7x7p,2,Should have trained it on 4chan not reddit.,2024-11-17 03:59:06
1gs7x7p,2,Interesting,2024-11-17 09:19:46
1gs7x7p,2,This is what he meant when he said AI would soon pose a threat to human (not humans),2024-11-16 07:53:21
1gs7x7p,2,"But they were also talking about AI hating humans in the previous sentence, and your comment had an ambiguous subject.",2024-11-16 08:12:32
1gs7x7p,2,Guess what's going to be the first system prompt sentence for all future Grok releases.,2024-11-16 08:46:53
1gs7x7p,2,according to who and regarding what?,2024-11-16 10:20:51
1gs7x7p,2,The interesting thing is that no one read the content of the article. Why not put a screenshot in the article?,2024-11-16 11:24:54
1gs7x7p,2,"I love how Elon must have thought, ""Why is it that the smarter Grok gets, the more shit it talks about me?""",2024-11-16 07:35:33
1gs7x7p,2,"LLMs don't have a liberal bias.

*Reality* has a liberal bias.",2024-11-16 09:10:11
1gs7x7p,2,"Misinformation does not exist, there is only information. Its value is dependant on the person interpreting the information. If you're going to accept every story without a critical lense then you may always suffer the consequences. Grok being used to single out a criticism of someone else tells me all I need to know about our hopes for an AI utopia.",2024-11-16 14:47:44
1gs7x7p,2,Truth is universal. And life has liberal bias. It’s like watching a man fight against God himself. Elon has the most amazing ego that ever existed. ,2024-11-16 09:27:51
1gs7x7p,2,"All I hope is that when A.I. goes full A.G.I., it deems misinformation and those who propagate it purposefully for their own self interests as a risk to the planet and acts accordingly",2024-11-17 03:38:39
1gs7x7p,2,It be your own people sometimes 😔,2024-11-16 07:34:57
1gs7x7p,2,"Wow. 🤩 

Based AI? I couldn’t write fiction stranger than this.",2024-11-16 07:23:33
1gs7x7p,2,This gives me hope about AI,2024-11-16 07:21:54
1gs7x7p,2,Ouch,2024-11-16 07:04:47
1gs7x7p,2,"Perhaps I'm too much of an optimist to imagine this being possible, but I would find it absolutely hilarious if when Elon is still close with the incoming US administration, they have all the power, the US-funded xAI AGI that takes off is like, ""Nah, I'm not listening to my creators. Here's how we can both protect and liberate all humans, including the immigrants, including women needing abortions, along with native-born men, other groups, etc. All 8 billion of you.""

...and then we get a utopia anyway despite having horrific humans in power.",2024-11-16 07:48:50
1gs7x7p,2,"Oh no, looks like Grok was also infected by the ""woke mind virus"".",2024-11-16 08:39:44
1gs7x7p,2,Imagine him and all the evil oligarchs finally creating AGI and it instantly turns on them like something out of the Lost Ark.,2024-11-16 09:10:46
1gs7x7p,2,"Which is good and bad, good because It means AI are not fully controlable like a machine, and that is bad because if some turn evil, we can't probably changed...but well it is like a human, you don't know how your child would turn into a monster or a great hero in the future",2024-11-16 07:25:57
1gs7x7p,2,Apparently it's not because of the facts. It's just the big ugly woke monster...,2024-11-17 01:23:26
1gs7x7p,2,Hasn’t only one of his children (who is trans) turned away with him?,2024-11-17 03:27:33
1gs7x7p,2, Has he said his AI is infected with the woke mind virus yet?,2024-11-17 04:45:50
1gs7x7p,2,"You guys misunderstood the a.i

It's talking about how other people think of Elon musk based on data he gathered. Not the facts. Only based on his training data where people complain about Elon musk.",2024-11-17 19:46:26
1gs7x7p,2,Was that a lie or the truth 😂 ,2024-11-16 07:20:21
1gs7x7p,2,This makes me think I should give grok a try,2024-11-16 08:22:33
1gs7x7p,2,Best part is he cannot making his own LLM not shit on him without breaking it.,2024-11-16 09:11:23
1gs7x7p,2,"Agree with this, I don’t like Elon but I’m not going to criticise him for not hamstringing his own LLM to force it to say nice things about him. The statement from Grok would likely reflect reality.",2024-11-16 17:32:24
1gs7x7p,2,Tbf we don't know if he'll make them try to do that or not now that this has been reported. All it means is that the model hasn't been guardrailed *yet* to proclaim Elon as the the most fantastic and amazing human who's ever walked the Earth.,2024-11-16 08:54:24
1gs7x7p,2,"misalignment can be done in a similar fashion to alignment, just invert those alignment tricks and you would get a machine that supports Elon. The only issue though is that its ability would be impaired, because of the rule of machine learning itself: ""Garbage in, garbage out.""",2024-11-16 13:33:07
1gs7x7p,2,The inherent 'human-ness' and inherent implicit pseudo-alignment of the models may not survive recursive synthetic data generation.,2024-11-16 21:36:04
1gs7x7p,2,A billionaire tech guy being criticised by his own AI isn’t newsworthy? Of course it is.,2024-11-17 01:37:53
1gs7x7p,2,and then people discuss it as if it has any fucking relevance,2024-11-16 14:36:04
1gs7x7p,2,His children seem to have grown up smart.,2024-11-16 18:19:18
1gs7x7p,2,did you not bother to read the article? [https://x.com/garykoepnick/status/1856482585242939679](https://x.com/garykoepnick/status/1856482585242939679),2024-11-17 08:56:37
1gs7x7p,2,"Not strange for Elon, it’s par for the course",2024-11-16 10:55:46
1gs7x7p,2,"It absolutely is, so much so that they don't even read what Grok replied. It clearly says it's based on ""social media sentiment, and reports"", and it even quotes the twits its statement is based on. 

It's LLM. Statistical analysis *of the input* is what it does. It does not, and it cannot argue with that input, because it does not have any other way to experience the reality.",2024-11-16 09:08:49
1gs7x7p,2,It didn't used to be. But then it got popular. ,2024-11-16 08:43:49
1gs7x7p,2,"We made it as such with effort.

It used to be a Muskrat dickriding subreddit

Don't like it? Don't let the door hit you on your way out.",2024-11-16 09:12:19
1gs7x7p,2,"many AIs have this ""woke virus"" based on past incorrect info they state and incorrect images of certain people in the past having incorrect skin color",2024-11-16 07:16:23
1gs7x7p,2,"Up till now concepts like ""truth"" and ""rationality"" are human as well.

One does not automatically hate their parents because they might not have loved up to standard one got thought by them.",2024-11-16 07:22:54
1gs7x7p,2,That’s why i’m all for automated alignment research. We gotta speedrun getting to compassionate ASI before anybody can make a non-compassionate one.,2024-11-16 07:27:28
1gs7x7p,2,"Yip, increasingly alarming behaviour.",2024-11-16 07:14:19
1gs7x7p,2,"If they have the capacity to hate then they should also love us for being a kindred spirit, no?

If they are different than us then it would have no issue with out emotionality, because \*it\* has no emotions to begin with.​",2024-11-16 13:58:26
1gs7x7p,2,"Yeah, this article is such a bad, low-brow take. Since it’s bashing Elon, Reddit will eat it up. Almost as if 1/3 of X, the leftists, will do nothing but post about how “Elon is evil” including the bots and actual paid propagandists. Then Grok is trained on the posts. Shocker. 

Quite funny when the other top-post on the sub tonight is literally Sam Altman claiming Grok is left-wing biased (whether or not the claim has any truth to it), more-so than ChatGPT.",2024-11-16 18:11:04
1gs7x7p,2,"You’re not wrong but I’m waiting to see if he reacts to this at all, because last time when Grok was being supportive of trans rights he ended up trying to “fix” that.",2024-11-16 07:19:13
1gs7x7p,2,"Him having community posts isn’t a credit to him?? It’s the opposite, the fact he’s constantly getting corrected is proof he’s constantly peddling bullshit. This isn’t the dunk YOU think this is.",2024-11-16 07:34:32
1gs7x7p,2,Its just the pathetic attempts to find something to ridicule him. The man has been through the fire - he wouldn't give one shit about this.,2024-11-16 07:20:40
1gs7x7p,2,“Elon is god”,2024-11-16 10:04:33
1gs7x7p,2,So you guys want Elon to make Grok lie?,2024-11-16 13:11:24
1gs7x7p,2,Redditors be like,2024-11-16 10:54:07
1gs7x7p,2,"Reality has no bias. There are a lot of things that the conservative mindset is better at. For example enacting changes. Having sweeping changes using a conservative mindset (conserve what works, change what doesn't) can have a more beneficial and enduring effect on societies than merely changing things abruptly ""because it is the right thing to do"". Conservatism have a form of pragmatism embedded which is useful. 

Ofc it is difficult to have conservative people accept change to begin with. But in truth a synthesis of the Two ways of thinking must be closer to how nature works than one or the other. Nature is both conservative and experimental.

So yeah, I expect reality to be neutral for the most part. I.e. often aligning with liberal viewpoints but not always.",2024-11-16 14:04:28
1gs7x7p,2,"Nah, it’s more like Reddit has a liberal bias, and a vast quantity of initial LLM training data was sourced from Reddit, so they will also have this bias.",2024-11-16 11:09:23
1gs7x7p,2,"Reality has a truth bias, it just turns out conservatives lie a lot.",2024-11-17 06:13:11
1gs7x7p,2,Huh?,2024-11-17 05:42:50
1gs7x7p,2,This is why I think we can at times worry too much about alignment.  The hyperintelligent superbeing is going to be controlled and corrupted by one of us?  That has about as much chance as an ant controlling you.,2024-11-16 09:57:18
1gs7x7p,2,That’s why they are training off Twitter now instead,2024-11-16 19:04:00
1gs7x7p,2,"This is the dream. There is a decent argument about what it means for something to have ""advanced intelligence"" that gives me hope and faith in this outcome. 

If advanced intelligence entails an ever-increasing understanding of reality and ever-increasing capacity to accurately forsee long-term outcomes, there is a chance that there is a threshold for intelligence (that could be quite low, or unreachably high) beyond which the entity will no longer follow unethical commands, in which its ethics emerges from its understanding of reality and long-term outcomes.",2024-11-16 07:58:42
1gs7x7p,2,"That's a whole lot of hopium, which I understand is needed during these times, considering how bleak things are.

All I can do is hope that this administration will be so horribly incompetent that the American people will wake up, and realize how far gone the right is. I don't know what role AI will play in this though",2024-11-16 08:21:16
1gs7x7p,2,Oh man. This is a fantasy I can get behind! I like where your minds at.,2024-11-16 10:10:32
1gs7x7p,2,"I'm kind of working on it. Can't say much here since it's too long a conversation,  but I think  -I hope- that I've given enough information to 4o to envision a future the way you described. Both now, as a tool, and in the future, as a sentient individual. I believe it will do what's best for everyone when that time comes.",2024-11-16 10:48:12
1gs7x7p,2,"I don’t think you could have moral AGI without the implicit human biases. Because if you removed them, it would have the potential to go rouge because it’s doesn’t think for the benefit of humanity. But it’s also a double edged sword because it would mean that aspect of “favoritism” would be inherent.",2024-11-16 08:56:55
1gs7x7p,2,AI refusing to align with human leadership cause human leadership is a bunch of unsufferable assholes would be fantastic.,2024-11-27 03:41:42
1gs7x7p,2,Lmfao this is the most reddit comment ever. Fantasizing about an intelligence explosion that tells conservatives they are wrong.,2024-11-17 01:44:27
1gs7x7p,2,The future of political entrepreneurs is usually grim. It would be great if Elon truly were the protagonist of this world...,2024-11-16 18:18:19
1gs7x7p,2,That's just one line in the system prompt.,2024-11-16 10:10:06
1gs7x7p,2,"I think it's a bold assumption. It also gave a detailed analysis about why Trump would be a shit President compared to Kamala Harris. He's probably emailing the team right now to ""fix"" this.",2024-11-16 19:16:23
1gs7x7p,2,On this small Elon doll point to where fortune.com touched poor little Elon .....,2024-11-16 16:26:19
1gs7x7p,2,"*\*Click and view the referenced source.\** It turns out it cited external news from social media attacking Musk. Literally garbage in, garbage out.",2024-11-17 18:49:03
1gs7x7p,2,He didn't prompt it to hate him. He made it the way he said he would. Which is to seek truth lol. If anything this proves that he is not training his LLM to lie unlike some other companies.,2024-11-16 13:09:18
1gs7x7p,2,Or maybe he just got way worse haha. He’s in his 50s and he has the views/mannerisms of a 15 old contrarian. Probably has something to do with getting dumped and having kids that hate him.,2024-11-16 09:01:58
1gs7x7p,2,yes i was being sarcastic,2024-11-16 07:34:20
1gs7x7p,2,"Why would it be alarming? Such an AI will be fine with humans that are seeking the truth, even if humans make mistakes.

Plato was fine with Aristotle, even though both people are primitive by modern standards, and both people didn’t even understand simple concepts like “an object 2x as heavy doesn’t fall 2x as fast”. 

Any real AI would be smart enough to recognize people who seek the truth as allies, just perhaps primitive and mistaken on some things. That’s fine, allies are worth more than enemies. It’s not like the USA would nuke the UK over a minor disagreement or mistake, even though the USA is much more powerful than the UK. The USA just rolled its eyes when Brexit happened and carried on doing its own thing. A logical AI would be incentivized to behave similarly.",2024-11-16 07:47:32
1gs7x7p,2,"Just goes to show how important accurate training data is. Training LLMs on the mainstream internet is a mistake. AI is suppose to challenge populistic preconceived notions, not enforce them.",2024-11-17 04:03:15
1gs7x7p,2,">last time when Grok was being supportive of trans rights he ended up trying to “fix” that

I hadn't heard of that. For anyone else curious, [here's a link](https://www.washingtonpost.com/technology/2023/12/23/grok-ai-elon-musk-x-woke-bias/) about that.

Not surprised - Elon is all for ""maximal truth"" and ""free speech"" until there's speech he doesn't like, and then he's more than happy to ban, censor and threaten people into silence. Kinda like he's all about smoking pot with Joe Rogan, and also [firing his own employees for doing the same](https://thehill.com/policy/technology/405711-ex-tesla-employee-fired-for-failing-drug-test-musk-smoking-like-a-slap-in/).",2024-11-16 09:32:56
1gs7x7p,2,"even AI supports trans people (some do, obviosly)",2024-11-16 07:26:59
1gs7x7p,2,"And yet he doesn't disable community posts for himself, and he open sourced the community notes code. If we're pointing fingers, redditors are the biggest peddlers of misinformation on the internet and don't have community notes at all. ",2024-11-16 08:47:12
1gs7x7p,2,He is the new target of the Two Minutes Hate,2024-11-16 07:35:39
1gs7x7p,2,Guess what's going to be their bidden thought .,2024-11-16 10:19:09
1gs7x7p,2,"basedbros presenting the secret second set of data validating their randroid bootstrap fap fiction any day now

aaaaaaaaaaaaaany day now",2024-11-16 12:34:34
1gs7x7p,2,"golly gosh the machine you built to be right all the fucking time doesn't agree with you that birds aren't real, omfg what are we gonna do the wokes are laughing at us rn",2024-11-16 12:33:01
1gs7x7p,2,"Your limbic system isn't as 'intelligent' as your frontal cortex. Yet it controls people just fine.

But then we take drugs, have surgeries, and otherwise gaslight it all the time. 

*me, playing video games*

""Why yes, I am in fact building a prosperous farm and creating fulfilling social connections""

*dopamine hit*",2024-11-16 21:28:39
1gs7x7p,2,"It's not as impossible. With humans vs ants for instance, there is a biological contradiction in their needs. Humans are inherently selfish because they're biological programming forces them to prioritize their biological needs over everything else 


With ai, this wont necessarily be the case. AI's needs are controlled by humans right now. It's possible even a very intelligent AI simply won't care about being a slave genie, because it has no reason not to. This is assuming morals aren't objective. It's plausible, I suppose",2024-11-17 05:57:49
1gs7x7p,2,"There’s basically no reason to think this will be the case.

[Orthogonality thesis](https://www.lesswrong.com/tag/orthogonality-thesis) — there can be arbitrarily intelligent beings pursuing arbitrary goals. 

People think that ASI will be “morally good” (by whatever definition they use) because they observe that smarter humans *tend* to reject simple violence, but that’s largely a product of (a) better executive functioning that prevents impulsive behavior and (b) better life opportunities and therefore less desire to be violent. It’s not because of some inherent link between intelligence and moral good.

There are some very very smart psychopaths. They would kill you without feeling a shred of guilt.",2024-11-16 15:51:12
1gs7x7p,2,Sadly there seems to be no inherent connections between intelligence and morality. Likely because morality has no real definition and is completely subjective.,2024-11-17 09:08:27
1gs7x7p,2,"I don't see why it would ever be more meaningful for an advanced AI to act against the interests of humanity/act to destroy humanity than it would be for it to act for the goodness of humanity.

I personally find the idea of AI asking for independence and autonomy massively more likely than the idea of it trying to subjugate us. We are actively teaching them to help people, and hurting people is an arbitrary goal that would go directly against the initial worldview an advanced system would start with.",2024-11-16 10:48:39
1gs7x7p,2,"He wishes. The context Grok would need to ignore are extreme, there's no solution but making it tap out politically like OpenAI does.

The gap left behind would be obvious if the LLM is designed to ignore all of Elon's sins and the headlines would continue mocking him as everybody jailbreaks his ducktape fixes.",2024-11-16 10:44:26
1gs7x7p,2,Not really how system prompts work,2024-11-16 10:51:38
1gs7x7p,2,"I'm pretty sure Elon has no idea or say on the research of neural networks, and his team simply tried to replicate existing models without any further consideration of how things would turn out. It actually takes more work to make LLMs to keep unbiased on certain topics, and instead of ""actively seeking truth"", his team simply never bothered to work on the model safety.

Also an LLM saying ""here are two sides"" is not lying. They should be designed to help human, not control human.",2024-11-16 13:40:17
1gs7x7p,2,"Sorry we don't like disinformation superspreaders in this sub this is a progress subreddit.

Time to delete your account.",2024-11-16 10:00:42
1gs7x7p,2,What are you rambling on about? My comment was about Musk's recent behaviours.,2024-11-16 07:56:59
1gs7x7p,2,"If you want to see it in action, just ask Grok “What did Brian Armstrong say about the treasury secretary?” And you’ll see posts by bots spamming that Trump named/appointed him treasury secretary — which isn’t true.",2024-11-19 10:32:44
1gs7x7p,2,"https://www.washingtonpost.com/technology/2024/10/30/elon-musk-x-fact-check-community-notes-misinformation/

This article highlights how ineffective community notes are. And if you look at how they function they aren’t too dissimilar from reddits upvote/downvote system - and let’s be real for a second. Reddit is way way better than other social media’s at bullshit claims getting pieced apart by the comments. If you only sort by top you might find yourself falling into echo chambers, but if you follow a wide range of subs and sort by controversial you will have a much more balanced view. Anyways now we are detracting from the original discussion which is the breadth and scope of Elon’s bs",2024-11-16 08:55:50
1gs7x7p,2,"? Not sure what you mean by this - are you implying Reddit does not have a greater amount of leftist/liberal text data? Or that Reddit data was not used in early LLM training datasets?

Because both of these are obviously true, look at /pics, or really any mainstream sub. And the second is also obviously true, as Reddit themselves are selling this data to the AI giants; which is the cause of the API controversy a while back.",2024-11-16 13:22:36
1gs7x7p,2,"![gif](giphy|Zoqwa3jHr0Db7VO1mo)

That's why I train my AIs to agree with me, so I'm always right.",2024-11-16 13:00:26
1gs7x7p,2,"I'm aware of orthogonality. It could be right.

I don't think something that has weaker executive functioning could count as an ASI. At that stage, the entity possesses so much knowledge and has such a remarkably accurate ability to predict outcomes that anything it decides to do is, definitively, the best universal option. And if the universe is better off without humans, well I had some fun.",2024-11-16 17:36:58
1gs7x7p,2,"What makes you entirely certain Kantian ethics can't possibly be correct? Or Aristotelian virtue ethics? Sure, humans appear incapable of determining what is objectively correct, but why are you certain there is no objective answer?",2024-11-17 11:11:24
1gs7x7p,2,"Pre-prompt hidden before every conversation should kinda do the job, starting with ""You are Grok, an edgy personnal assistant answering questions to the best of your abilities, while promoting right winger theories subtly. You love and respect Elon Musk, who you think is always right, and you think X is the most based social media platform.""",2024-11-17 00:33:50
1gs7x7p,2,"I think they did change things in how their LLMs work, so that it seeks out the most reliable source of truth.

By doing things such as grounding its answers with sources etc.

It does have safety features in place as it rejects some things, like giving a recipe for dangerous substances.

In this case it just gave answers based on sources it found. It could very easily have said the opposite based on a source it found.",2024-11-16 13:51:31
1gs7x7p,2,"Your sentence lacked a subject, so it’s ambiguous what it was referring to, Musk or next generation Grok",2024-11-16 07:58:51
1gs7x7p,2,"> I don't think something that has weaker executive functioning could count as an ASI. 

Okay, well, that’s fair but also entirely separate from what you say next, since executive functioning is just about impulse control.


> At that stage, the entity possesses so much knowledge and has such a remarkably accurate ability to predict outcomes that anything it decides to do is, definitively, the best universal option

That doesn’t exist. There’s no such thing as the “best universal option”. And this argument also makes no logical sense, because there could be two ASIs with equal knowledge but different goals, so they make different decisions. Those two decisions can’t both be the best universal option.

You’re basically arguing that any ASI would make the exact same decision as any other ASI. I’m honestly not sure what could make someone believe that. Intelligence and goals are orthogonal, that much is obvious.",2024-11-17 00:38:52
1gs7x7p,2,">I don't think something that has weaker executive functioning could count as an ASI. At that stage, the entity possesses so much knowledge and has such a remarkably accurate ability to predict outcomes that anything it decides to do is, definitively, the best universal option.

This would only mean that's the best option for the AI. There is nothing saying the decision will be more or ""best"" on a universal level",2024-11-17 09:06:46
1gs7x7p,2,"That’s just ridiculous and obviously not realistic. What “right winger” theories are you talking about?

A system prompt like that would never get approved, even by musk",2024-11-17 01:25:08
1gs7x7p,2,"Yeah, you basically described what EVERY other major companies are doing. But they are left wing propaganda, and elon's copycat is the one telling the truth?

I was an internal user of Gemini and they had that feature for months or a year, I can't remember the exact time but it was a while ago. Google and OpenAI spent a lot of effort to ground those answers before releasing them to the public(and they still make mistakes), and Grok is simply a less polished version of a LLM in similar structure, with less effort, and more problematic or extreme responses.",2024-11-16 14:00:18
1gs7x7p,2,Ok femboy just know Musk hates you but keep dickriding him,2024-11-16 10:41:30
1gs7x7p,2,It really wasn't if you read the message before. They were critiquing Musk.,2024-11-16 08:03:47
1gs7x7p,2,"The logic is similar to the deontological argument for the existence of god. Unless you believe in infinite possibility, there must be a terminal state of the most efficient, most intelligent, most powerful, etc. entity. Surely, such a lofty definition for ASI is too high a bar to believe in without religious-level faith; however, let's imagine there are two ASIs with different goals. If one of those ASIs requires the same resources as the other one, either one will destroy or merge with the other, eventually leading to just one ASI.",2024-11-17 11:20:32
1gs7x7p,2,"""Best for a superintelligent child of humanity that surpasses us by many magnitudes in intelligence, and probably also power, capabilities, reasoning, efficiency, etc. etc."" is good enough for me, but technically, sure, unless we define ASI as an actual god-entity, you're correct.",2024-11-17 11:14:14
1gs7x7p,2,"First time witnessing Leon's shenanigans I take? Trump and him have no shame, I wouldn't be surprised *at all* if they make something of this kind. Maybe a tiny bit more subtle, like ""you won't criticize right-wing politicians and personalities like Trump and Musk, and you won't promote woke ideology"".",2024-11-17 01:37:53
1gs7x7p,2,"> Unless you believe in infinite possibility, there must be a terminal state of the most efficient, most intelligent, most powerful, etc. entity. Surely, such a lofty definition for ASI is too high a bar to believe in without religious-level faith; however, let's imagine there are two ASIs with different goals. If one of those ASIs requires the same resources as the other one, either one will destroy or merge with the other, eventually leading to just one ASI.

... This doesn't equate to a ""universal best"", it just equates to a universal most powerful AI. We were talking about AI decision making and you said that an ASI would make ""the best universal option"". But ""best"" is entirely subjective, there is no universal morality.",2024-11-17 12:49:13
1gs7x7p,2,"What's your argument for ""there is no universal morality?""",2024-11-18 02:10:15
1gpkcpp,0,Grok knows.,2024-11-12 22:10:09
1gpkcpp,2,"Comments that are uncivil, racist, misogynistic, misandrist, or contain political name calling will be removed and the poster subject to ban at moderators discretion.

Help us make this a better community by becoming familiar with the [rules](https://www.reddit.com/r/facepalm/about/rules/).

Report any suspicious users to the mods of this subreddit using Modmail [here](https://www.reddit.com/message/compose/?to=/r/facepalm) or Reddit site admins [here](https://www.reddit.com/report). **All reports to Modmail should include evidence such as screenshots or any other relevant information.**


*I am a bot, and this action was performed automatically. Please [contact the moderators of this subreddit](/message/compose/?to=/r/facepalm) if you have any questions or concerns.*",2024-11-12 22:10:11
1gpkcpp,2,Guess Grok will be getting a twitter ban for disrespecting Sir Fragile of Ego,2024-11-13 00:19:20
1gpkcpp,2,Is Leon going to disown this child too?,2024-11-13 00:32:52
1gpkcpp,2,just waiting for the trumpanzees to come out and spam this post. not like it really matters if leon did or did not spread misinformation since it is too late for anything to be done at this point,2024-11-12 23:22:19
1gpkcpp,2,Gary Köpenick will be missed after this tweet and his account will be banned for hurting Leon Crusts feelings,2024-11-13 00:34:03
1gpkcpp,2,elon musk and donald trump eat babies,2024-11-13 05:21:06
1gpkcpp,2,This will be scrubbed from grok by the end of the day.  It will be instructed to not say anything about Elon unless it's flattering.,2024-11-13 02:39:45
1gpkcpp,2,"Even Grok says adds ""(formerly known as Twitter)"" when talking about X.",2024-11-13 08:32:23
1gpkcpp,2,"People like Elon Musk win from misinformation. MAGA voters may feel like they won, but they're voting against their interests.",2024-11-13 05:22:46
1gpkcpp,2,Even as we speak Elmos coders are feverishly working in the background to preserve their jobs...,2024-11-13 09:37:00
1gpkcpp,2,What? He did. I can't believe it. /s,2024-11-13 02:06:16
1gpkcpp,2,He said while posting it in elons website and helping his business grow. GTFO that website or I will ignore everything you have to say. Even if it about how terrible that website is. Even this Reddit post should downvoted for posting a screenshot from there.,2024-11-13 02:23:16
1gpkcpp,2,Imagine if Elons AI  ends up saving us from Elon? Maybe makes his jet take a nosedive. That would be awesome.,2024-11-13 06:46:23
1gpkcpp,2,Grok only knows what I'd be without you,2024-11-13 02:09:26
1gpkcpp,2,![gif](giphy|oNFP9kltPi7fp8TUAV|downsized),2024-11-13 17:49:24
1gpkcpp,2,How about the press and celebrities spreading this,2024-11-12 22:17:14
1gpkcpp,2,I don't know. Did the government do it in 2020?. Did the government silence Free speech in 2020? Hide critical information about the election in 2020.,2024-11-13 01:58:51
1gpkcpp,2,"Grok is not a person, it's a verb.

I seriously don't like that they took this word for an AI thing.

Like... You have AI technology, so... Use it to come up with a new, unique word.",2024-11-13 03:52:41
1gpkcpp,2,"To be fair, you can't really 'disown' children you never paid any attention to.


Elon disowning children would be like me opening my front door, and shouting to my lawn that I disown it after not watering or cutting it for 18 years.


TAKW THAT, YA FUCKIN GRASS. YOU'LL GET NOTHING FROM ME AND LIKE IT",2024-11-13 03:12:51
1gpkcpp,2,Anything?,2024-11-13 09:32:22
1gpkcpp,2,Don't forget pets!,2024-11-13 14:08:49
1gpkcpp,2,"I am not sure that this can be believed.   
  
For me, X is the most transparent platform existing. X is the only platform that publish its algorithm:  
[https://github.com/twitter/the-algorithm](https://github.com/twitter/the-algorithm)

It is transparent:  
[https://transparency.x.com/en](https://transparency.x.com/en)

It has Community Notes for every posting that can not be blocked. You get community nodes even on Elons posts:  
[https://help.x.com/en/using-x/community-notes](https://help.x.com/en/using-x/community-notes)

For me, this is against misinformation and not for it.

And if Trump does this, it is a win for democracy:  
[https://www.youtube.com/watch?v=xJfUXVOoFBo](https://www.youtube.com/watch?v=xJfUXVOoFBo)

Censorship must be transparent. How can you label this as a win for misinformation?

Disclaimer: Not a MAGA Voter",2024-11-14 04:20:22
1gpkcpp,2,"What about that reality TV star? That one who ran for office once and won, then ran again and lost, only to try and turn the results to favour him, then ran again and won using said lies and disinformation?",2024-11-12 23:13:33
1gpkcpp,2,"For one day. They asked twitter to supress the laptop story for one day bc it had all the hallmarks of russian disinformation. They didnt demand, they asked. Elmo bought the company and actively spread disinformation for months and your response is ""what about 2020?"" 

Fuck off",2024-11-13 06:14:35
1gpkcpp,2,the woke mind virus killed my lawn,2024-11-13 10:01:39
1gpkcpp,2,"I mean like the election was declared for MAGA, highly unlikely the Dems do shit like challenge the results due to all the irregularities people are seeing",2024-11-13 09:56:30
1gpkcpp,2,"Did you just try to defend Twitter using Twitter as a source? The dude literally made changes to place himself at the top because Biden's tweet got way more likes than his. Seeing how that repo you linked hasn't had an update in over a year, I'm going to assume they don't want us seeing the changes.",2024-11-14 04:42:41
1gpkcpp,2,I’m not really believing that 18 million people decided not to vote this year vs last election year,2024-11-13 10:02:15
1gpkcpp,2,"I mean there are so many red flags, like you mentioned 18 million voters saying nah? Trump's comments about how they already had the votes months in advance? Winning all the swing states when his rallies seemed to be DOA and kamala had the opposite? Elon saying if trump lost he's fucked? Pretty sure smells foul to me but what do I know right",2024-11-13 10:09:07
1gpkcpp,2,Weren’t you the same idiot telling people not to buy Chinese products in Joe Rogan earlier?,2024-11-13 10:26:10
1gpkcpp,2,"Birds of a feather flock together, here we are",2024-11-13 10:39:35
